id,title,dept,size,depth
AFST 351,AFST 351,AFST,1,1
AFST 250,AFST 250,AFST,2,0
AFST 352,AFST 352,AFST,1,1
AFST 370,AFST 370,AFST,7,1
ENGL 1XX,ENGL 1XX,ENGL,0,0
ENGL 2XX,ENGL 2XX,ENGL,0,0
ARTS 001,ARTS 001,ARTS,0,0
ASTU 100,ASTU 100,ASTU,0,0
ASTU 101,ASTU 101,ASTU,0,0
WRDS 150,WRDS 150,WRDS,0,0
WRDS 350,WRDS 350,WRDS,0,0
AMNE 316,AMNE 316,AMNE,2,1
CLST 231,CLST 231,CLST,0,0
AMNE 215,AMNE 215,AMNE,0,0
AMNE 317,AMNE 317,AMNE,2,1
AMNE 318,AMNE 318,AMNE,2,1
CLST 232,CLST 232,CLST,0,0
AMNE 216,AMNE 216,AMNE,0,0
AMNE 319,AMNE 319,AMNE,2,1
AMNE 323,AMNE 323,AMNE,6,1
CLST 260,CLST 260,CLST,0,0
AMNE 225,AMNE 225,AMNE,0,0
AMNE 348,AMNE 348,AMNE,2,1
CLST 105,CLST 105,CLST,0,0
AMNE 151,AMNE 151,AMNE,0,0
ANTH 200,ANTH 200,ANTH,1,1
ANTH 100,ANTH 100,ANTH,0,0
ANTH 300,ANTH 300,ANTH,0,0
ANTH 400,ANTH 400,ANTH,1,1
ANTH 412,ANTH 412,ANTH,1,1
ANTH 312,ANTH 312,ANTH,0,0
ANTH 416,ANTH 416,ANTH,2,1
ANTH 215,ANTH 215,ANTH,0,0
ANTH 315,ANTH 315,ANTH,0,0
ANTH 417,ANTH 417,ANTH,2,1
LING 200,LING 200,LING,0,0
ANTH 427,ANTH 427,ANTH,2,1
SOCI 100,SOCI 100,SOCI,0,0
ANTH 431,ANTH 431,ANTH,1,1
ANTH 341,ANTH 341,ANTH,0,0
ANTH 432,ANTH 432,ANTH,1,1
ANTH 480,ANTH 480,ANTH,1,1
APBI 210,APBI 210,APBI,3,2
BIOL 121,BIOL 121,BIOL,4,1
BIOL 140,BIOL 140,BIOL,4,1
SCIE 001,SCIE 001,SCIE,8,1
APBI 235,APBI 235,APBI,3,2
BIOL 112,BIOL 112,BIOL,7,1
APBI 311,APBI 311,APBI,3,3
BIOL 204,BIOL 204,BIOL,4,2
BIOL 260,BIOL 260,BIOL,3,2
BIOL 361,BIOL 361,BIOL,2,3
APBI 312,APBI 312,APBI,2,3
APBI 314,APBI 314,APBI,0,0
APBI 315,APBI 315,APBI,0,0
APBI 319,APBI 319,APBI,6,1
BIOL 230,BIOL 230,BIOL,2,2
APBI 260,APBI 260,APBI,0,0
APBI 265,APBI 265,APBI,0,0
CONS 330,CONS 330,CONS,3,1
ENVR 200,ENVR 200,ENVR,0,0
ENVR 300,ENVR 300,ENVR,0,0
APBI 324,APBI 324,APBI,1,2
APBI 327,APBI 327,APBI,1,2
APBI 342,APBI 342,APBI,1,2
APBI 351,APBI 351,APBI,4,2
CHEM 123,CHEM 123,CHEM,2,2
CHEM 111,CHEM 111,CHEM,2,1
CHEM 113,CHEM 113,CHEM,0,0
APBI 360,APBI 360,APBI,3,1
APBI 365,APBI 365,APBI,2,1
APBI 401,APBI 401,APBI,1,1
APBI 200,APBI 200,APBI,0,0
APBI 402,APBI 402,APBI,1,1
APBI 403,APBI 403,APBI,1,1
APBI 405,APBI 405,APBI,2,3
BIOL 210,BIOL 210,BIOL,2,2
APBI 410,APBI 410,APBI,3,4
BIOL 201,BIOL 201,BIOL,6,3
CAPS 301,CAPS 301,CAPS,15,2
APBI 411,APBI 411,APBI,1,4
APBI 413,APBI 413,APBI,1,1
APBI 414,APBI 414,APBI,2,1
APBI 416,APBI 416,APBI,3,2
BIOL 416,BIOL 416,BIOL,2,3
APBI 418,APBI 418,APBI,3,3
APBI 419,APBI 419,APBI,3,3
APBI 423,APBI 423,APBI,4,1
FRST 201,FRST 201,FRST,1,3
APBI 426,APBI 426,APBI,7,3
BIOL 200,BIOL 200,BIOL,7,2
BIOC 202,BIOC 202,BIOC,3,3
BIOC 203,BIOC 203,BIOC,4,4
BIOL 233,BIOL 233,BIOL,6,2
BIOL 234,BIOL 234,BIOL,7,2
APBI 427,APBI 427,APBI,3,3
BIOL 205,BIOL 205,BIOL,4,2
BIOL 327,BIOL 327,BIOL,2,2
APBI 428,APBI 428,APBI,1,2
APBI 440,APBI 440,APBI,1,2
BIOL 335,BIOL 335,BIOL,7,1
APBI 442,APBI 442,APBI,6,3
APBI 443,APBI 443,APBI,2,2
APBI 460,APBI 460,APBI,1,2
APBI 462,APBI 462,APBI,4,1
BIOL 300,BIOL 300,BIOL,9,2
GEOG 374,GEOG 374,GEOG,0,0
FRST 231,FRST 231,FRST,6,1
LFS 252,LFS 252,LFS,7,1
APBI 463,APBI 463,APBI,7,3
STAT 200,STAT 200,STAT,8,2
APBI 465,APBI 465,APBI,1,2
APBI 495,APBI 495,APBI,4,3
FRST 395,FRST 395,FRST,3,3
APBI 496,APBI 496,APBI,2,1
APSC 101,APSC 101,APSC,1,1
APSC 100,APSC 100,APSC,0,0
APSC 173,APSC 173,APSC,2,1
APSC 172,APSC 172,APSC,0,0
APSC 178,APSC 178,APSC,2,2
APSC 201,APSC 201,APSC,8,1
APSC 176,APSC 176,APSC,0,0
ENGL 110,ENGL 110,ENGL,0,0
ENGL 111,ENGL 111,ENGL,0,0
ENGL 112,ENGL 112,ENGL,0,0
ENGL 120,ENGL 120,ENGL,0,0
ENGL 121,ENGL 121,ENGL,0,0
APSC 202,APSC 202,APSC,7,3
ENPH 259,ENPH 259,ENPH,18,2
APSC 203,APSC 203,APSC,2,4
ENPH 253,ENPH 253,ENPH,2,3
APSC 210,APSC 210,APSC,1,1
APSC 110,APSC 110,APSC,0,0
APSC 279,APSC 279,APSC,1,1
APSC 278,APSC 278,APSC,1,0
APSC 332,APSC 332,APSC,1,1
APSC 331,APSC 331,APSC,0,0
APSC 461,APSC 461,APSC,0,0
APSC 462,APSC 462,APSC,1,1
ARBC 102,ARBC 102,ARBC,1,1
ARBC 101,ARBC 101,ARBC,0,0
ARBC 201,ARBC 201,ARBC,1,2
ARBC 202,ARBC 202,ARBC,1,3
ARBC 420,ARBC 420,ARBC,1,4
ARBM 102,ARBM 102,ARBM,1,1
ARBM 101,ARBM 101,ARBM,0,0
ARCL 305,ARCL 305,ARCL,1,1
ARCL 203,ARCL 203,ARCL,0,0
ARCL 306,ARCL 306,ARCL,1,2
ARCL 324,ARCL 324,ARCL,1,1
ARCL 232,ARCL 232,ARCL,0,0
ARCL 325,ARCL 325,ARCL,1,1
ARCL 140,ARCL 140,ARCL,0,0
ARCL 326,ARCL 326,ARCL,1,1
ARCL 345,ARCL 345,ARCL,3,1
ARCL 103,ARCL 103,ARCL,0,0
FSCT 201,FSCT 201,FSCT,0,0
ARCL 406,ARCL 406,ARCL,1,2
ARCL 411,ARCL 411,ARCL,2,1
ARCL 321,ARCL 321,ARCL,0,0
ARCL 419,ARCL 419,ARCL,1,1
ARCL 424,ARCL 424,ARCL,1,1
ARCL 430,ARCL 430,ARCL,1,1
ARTC 100,ARTC 100,ARTC,0,0
ARTC 110,ARTC 110,ARTC,1,1
ARTC 200,ARTC 200,ARTC,1,2
ARTC 210,ARTC 210,ARTC,1,3
ARTC 211,ARTC 211,ARTC,1,2
ARTC 300,ARTC 300,ARTC,2,3
ARTC 310,ARTC 310,ARTC,1,4
ARTC 311,ARTC 311,ARTC,2,3
ARTC 400,ARTC 400,ARTC,2,4
ARTC 410,ARTC 410,ARTC,1,5
ARTC 411,ARTC 411,ARTC,2,4
ARTC 445,ARTC 445,ARTC,2,5
ARTC 450,ARTC 450,ARTC,1,6
ARTC 451,ARTC 451,ARTC,2,5
ARTC 456,ARTC 456,ARTC,2,6
ARTC 460,ARTC 460,ARTC,1,7
ARTC 461,ARTC 461,ARTC,2,6
ARTH 300,ARTH 300,ARTH,0,0
ARTH 490,ARTH 490,ARTH,1,1
ASIA 386,ASIA 386,ASIA,8,1
CHIN 207,CHIN 207,CHIN,0,0
CHIN 337,CHIN 337,CHIN,2,1
CHIN 208,CHIN 208,CHIN,0,0
CHIN 338,CHIN 338,CHIN,4,1
CHIN 217,CHIN 217,CHIN,0,0
CHIN 347,CHIN 347,CHIN,2,1
CHIN 218,CHIN 218,CHIN,0,0
CHIN 348,CHIN 348,CHIN,4,1
ASIA 400,ASIA 400,ASIA,16,1
ASIA 300,ASIA 300,ASIA,0,0
JAPN 213,JAPN 213,JAPN,0,0
JAPN 251,JAPN 251,JAPN,0,0
JAPN 323,JAPN 323,JAPN,2,1
JAPN 361,JAPN 361,JAPN,4,1
KORN 300,KORN 300,KORN,2,2
KORN 301,KORN 301,KORN,1,4
KORN 302,KORN 302,KORN,1,5
ASIA 427,ASIA 427,ASIA,6,1
ASIA 327,ASIA 327,ASIA,0,0
ASIA 347,ASIA 347,ASIA,0,0
ASIA 357,ASIA 357,ASIA,0,0
ASIA 447,ASIA 447,ASIA,2,1
ASIA 452,ASIA 452,ASIA,4,1
ASIA 457,ASIA 457,ASIA,1,1
ASIA 448,ASIA 448,ASIA,1,1
ASIA 369,ASIA 369,ASIA,0,0
ASIA 468,ASIA 468,ASIA,5,1
ASIA 376,ASIA 376,ASIA,0,0
ASIA 381,ASIA 381,ASIA,0,0
ASIA 382,ASIA 382,ASIA,0,0
ASIA 383,ASIA 383,ASIA,0,0
ASIA 387,ASIA 387,ASIA,0,0
ASIC 200,ASIC 200,ASIC,0,0
ASIC 220,ASIC 220,ASIC,0,0
ASLA 400,ASLA 400,ASLA,1,1
ASLA 300,ASLA 300,ASLA,0,0
ASL 101,ASL 101,ASL,1,1
ASL 100,ASL 100,ASL,0,0
ASTR 101,ASTR 101,ASTR,4,1
PHYS 11,PHYS 11,PHYS,0,0
PHYS 12,PHYS 12,PHYS,0,0
PHYS 100,PHYS 100,PHYS,3,1
Principles of Mathematics 12,Principles of Mathematics 12,Principles,0,0
ASTR 102,ASTR 102,ASTR,4,1
ASTR 200,ASTR 200,ASTR,12,2
PHYS 101,PHYS 101,PHYS,9,1
PHYS 106,PHYS 106,PHYS,11,1
PHYS 107,PHYS 107,PHYS,11,1
PHYS 117,PHYS 117,PHYS,9,1
PHYS 131,PHYS 131,PHYS,9,1
PHYS 157,PHYS 157,PHYS,10,1
PHYS 153,PHYS 153,PHYS,9,1
MATH 101,MATH 101,MATH,13,1
MATH 103,MATH 103,MATH,12,1
MATH 105,MATH 105,MATH,12,1
MATH 121,MATH 121,MATH,11,1
ASTR 205,ASTR 205,ASTR,5,3
PHYS 210,PHYS 210,PHYS,9,2
EOSC 211,EOSC 211,EOSC,5,2
CPSC 302,CPSC 302,CPSC,13,2
CPSC 303,CPSC 303,CPSC,13,2
ASTR 300,ASTR 300,ASTR,8,4
MATH 217,MATH 217,MATH,22,2
MATH 227,MATH 227,MATH,3,3
MATH 317,MATH 317,MATH,5,3
ASTR 333,ASTR 333,ASTR,33,2
PHYS 102,PHYS 102,PHYS,6,2
PHYS 108,PHYS 108,PHYS,10,2
PHYS 118,PHYS 118,PHYS,18,2
PHYS 158,PHYS 158,PHYS,6,2
MATH 200,MATH 200,MATH,13,2
MATH 253,MATH 253,MATH,12,2
STAT 203,STAT 203,STAT,2,1
STAT 241,STAT 241,STAT,6,2
COMM 291,COMM 291,COMM,0,0
ECON 325,ECON 325,ECON,15,2
EPSE 482,EPSE 482,EPSE,0,0
EPSE 483,EPSE 483,EPSE,0,0
KIN 371,KIN 371,KIN,0,0
POLI 380,POLI 380,POLI,0,0
PSYC 217,PSYC 217,PSYC,3,1
PSYC 218,PSYC 218,PSYC,5,1
PSYC 277,PSYC 277,PSYC,0,0
PSYC 278,PSYC 278,PSYC,2,1
PSYC 366,PSYC 366,PSYC,1,2
SOCI 328,SOCI 328,SOCI,3,1
ASTR 403,ASTR 403,ASTR,2,3
PHYS 200,PHYS 200,PHYS,10,2
PHYS 250,PHYS 250,PHYS,6,2
ASTR 404,ASTR 404,ASTR,4,6
PHYS 408,PHYS 408,PHYS,4,5
PHYS 312,PHYS 312,PHYS,5,4
MATH 316,MATH 316,MATH,8,3
ASTR 405,ASTR 405,ASTR,1,7
ASTR 406,ASTR 406,ASTR,4,5
PHYS 203,PHYS 203,PHYS,13,3
PHYS 301,PHYS 301,PHYS,12,4
MATH 215,MATH 215,MATH,17,3
ASTR 407,ASTR 407,ASTR,13,4
EOSC 212,EOSC 212,EOSC,0,0
PHYS 206,PHYS 206,PHYS,1,0
PHYS 216,PHYS 216,PHYS,14,3
PHYS 306,PHYS 306,PHYS,7,4
EOSC 352,EOSC 352,EOSC,3,4
ASTU 211,ASTU 211,ASTU,2,1
ASTU 210,ASTU 210,ASTU,0,0
EDUC 210,EDUC 210,EDUC,0,0
ASTU 310,ASTU 310,ASTU,0,0
ASTU 311,ASTU 311,ASTU,1,1
ASTU 410,ASTU 410,ASTU,1,2
ASTU 411,ASTU 411,ASTU,1,3
ASTU 412,ASTU 412,ASTU,1,4
ATSC 201,ATSC 201,ATSC,0,0
ATSC 212,ATSC 212,ATSC,2,1
CPSC 103,CPSC 103,CPSC,0,0
CPSC 110,CPSC 110,CPSC,1,0
ATSC 301,ATSC 301,ATSC,4,3
ATSC 303,ATSC 303,ATSC,4,3
GEOB 200,GEOB 200,GEOB,0,0
GEOS 200,GEOS 200,GEOS,2,1
ATSC 313,ATSC 313,ATSC,15,2
APSC 160,APSC 160,APSC,0,0
DSCI 100,DSCI 100,DSCI,1,1
ATSC 398,ATSC 398,ATSC,3,1
GEOB 300,GEOB 300,GEOB,0,0
GEOS 300,GEOS 300,GEOS,5,1
ATSC 399,ATSC 399,ATSC,1,2
ATSC 404,ATSC 404,ATSC,6,4
EOSC 250,EOSC 250,EOSC,7,3
ATSC 405,ATSC 405,ATSC,3,4
CHEM 304,CHEM 304,CHEM,8,2
ATSC 406,ATSC 406,ATSC,1,1
ATSC 409,ATSC 409,ATSC,4,1
MATH 255,MATH 255,MATH,20,3
MATH 256,MATH 256,MATH,23,2
MATH 265,MATH 265,MATH,1,0
ATSC 498,ATSC 498,ATSC,4,3
GEOB 304,GEOB 304,GEOB,0,0
GEOS 304,GEOS 304,GEOS,3,1
ATSC 499,ATSC 499,ATSC,1,4
AUDI 400,AUDI 400,AUDI,2,1
LING 100,LING 100,LING,0,0
PSYC 100,PSYC 100,PSYC,3,0
BEST 200,BEST 200,BEST,1,2
CHEM 121,CHEM 121,CHEM,3,1
BEST 201,BEST 201,BEST,2,1
BIOL 111,BIOL 111,BIOL,1,0
BEST 203,BEST 203,BEST,3,2
BEST 300,BEST 300,BEST,2,3
CHEM 203,CHEM 203,CHEM,4,2
CHEM 233,CHEM 233,CHEM,4,2
BEST 301,BEST 301,BEST,1,1
BEST 202,BEST 202,BEST,0,0
BEST 302,BEST 302,BEST,1,3
BEST 303,BEST 303,BEST,1,4
BEST 304,BEST 304,BEST,1,4
BEST 308,BEST 308,BEST,1,3
BEST 400,BEST 400,BEST,1,4
BEST 401,BEST 401,BEST,1,1
ECON 101,ECON 101,ECON,2,0
BEST 402,BEST 402,BEST,1,3
CHEM 223,CHEM 223,CHEM,3,2
CHEM 213,CHEM 213,CHEM,5,3
BIOC 301,BIOC 301,BIOC,3,1
BIOC 300,BIOC 300,BIOC,2,0
BIOC 302,BIOC 302,BIOC,8,4
BIOC 303,BIOC 303,BIOC,9,4
CHEM 205,CHEM 205,CHEM,12,2
BIOC 304,BIOC 304,BIOC,2,5
BIOC 398,BIOC 398,BIOC,0,0
BIOC 399,BIOC 399,BIOC,1,1
BIOC 402,BIOC 402,BIOC,3,1
BIOT 380,BIOT 380,BIOT,1,0
BIOC 403,BIOC 403,BIOC,1,2
BIOC 410,BIOC 410,BIOC,3,1
BIOC 420,BIOC 420,BIOC,2,1
BIOC 404,BIOC 404,BIOC,1,0
FSCT 480,FSCT 480,FSCT,1,0
BIOC 421,BIOC 421,BIOC,2,2
BIOC 440,BIOC 440,BIOC,4,2
BIOC 450,BIOC 450,BIOC,4,2
BIOC 460,BIOC 460,BIOC,4,2
BIOC 470,BIOC 470,BIOC,2,5
BIOC 490,BIOC 490,BIOC,3,1
BIOC 498,BIOC 498,BIOC,1,2
BIOC 499,BIOC 499,BIOC,1,3
CHEM 12,CHEM 12,CHEM,0,0
CHEM 100,CHEM 100,CHEM,0,0
CHEM 110,CHEM 110,CHEM,0,0
BIOL 11,BIOL 11,BIOL,0,0
BIOL 12,BIOL 12,BIOL,0,0
BIOL 153,BIOL 153,BIOL,7,1
BIOL 155,BIOL 155,BIOL,7,1
BIOL 180,BIOL 180,BIOL,3,1
CHEM 130,CHEM 130,CHEM,4,1
CHEM 260,CHEM 260,CHEM,6,2
CHEM 313,CHEM 313,CHEM,1,4
CHEM 330,CHEM 330,CHEM,1,4
BIOL 203,BIOL 203,BIOL,4,2
BIOL 209,BIOL 209,BIOL,2,2
BIOL 301,BIOL 301,BIOL,2,3
BIOL 306,BIOL 306,BIOL,1,3
BIOL 310,BIOL 310,BIOL,1,2
BIOL 314,BIOL 314,BIOL,5,1
GEOB 207,GEOB 207,GEOB,0,0
GEOS 207,GEOS 207,GEOS,2,1
BIOL 320,BIOL 320,BIOL,1,2
BIOL 321,BIOL 321,BIOL,1,2
BIOL 322,BIOL 322,BIOL,1,2
BIOL 323,BIOL 323,BIOL,1,2
BIOL 324,BIOL 324,BIOL,1,2
BIOL 325,BIOL 325,BIOL,1,2
BIOL 326,BIOL 326,BIOL,3,3
BIOL 328,BIOL 328,BIOL,1,2
BIOL 330,BIOL 330,BIOL,5,3
BIOL 331,BIOL 331,BIOL,5,3
BIOL 332,BIOL 332,BIOL,1,3
MICB 322,MICB 322,MICB,7,4
FRST 302,FRST 302,FRST,0,0
BIOL 336,BIOL 336,BIOL,2,3
BIOL 337,BIOL 337,BIOL,3,3
BIOL 338,BIOL 338,BIOL,3,1
BIOL 340,BIOL 340,BIOL,4,3
BIOL 341,BIOL 341,BIOL,1,3
BIOL 342,BIOL 342,BIOL,4,2
BIOL 351,BIOL 351,BIOL,4,2
BIOL 352,BIOL 352,BIOL,4,1
BIOL 362,BIOL 362,BIOL,8,3
FRST 311,FRST 311,FRST,0,0
BIOL 363,BIOL 363,BIOL,4,4
BIOL 370,BIOL 370,BIOL,3,3
BIOL 371,BIOL 371,BIOL,8,3
BIOL 364,BIOL 364,BIOL,3,3
NSCI 200,NSCI 200,NSCI,0,0
PSYC 270,PSYC 270,PSYC,6,2
PSYC 271,PSYC 271,PSYC,7,2
PSYC 304,PSYC 304,PSYC,9,1
BIOL 372,BIOL 372,BIOL,1,4
BIOL 399,BIOL 399,BIOL,1,1
BIOL 398,BIOL 398,BIOL,0,0
BIOL 401,BIOL 401,BIOL,5,4
BIOL 402,BIOL 402,BIOL,3,3
BIOL 403,BIOL 403,BIOL,4,2
BIOL 404,BIOL 404,BIOL,3,3
BIOL 406,BIOL 406,BIOL,1,3
BIOL 408,BIOL 408,BIOL,1,3
BIOL 409,BIOL 409,BIOL,3,3
BIOL 410,BIOL 410,BIOL,1,3
BIOL 411,BIOL 411,BIOL,3,3
BIOL 412,BIOL 412,BIOL,1,2
BIOL 413,BIOL 413,BIOL,1,2
BIOL 415,BIOL 415,BIOL,1,4
BIOL 417,BIOL 417,BIOL,3,3
BIOL 418,BIOL 418,BIOL,2,4
BIOL 421,BIOL 421,BIOL,7,3
BIOL 423,BIOL 423,BIOL,1,3
BIOL 424,BIOL 424,BIOL,5,2
BIOL 425,BIOL 425,BIOL,1,3
BIOL 426,BIOL 426,BIOL,1,3
BIOL 427,BIOL 427,BIOL,1,2
BIOL 428,BIOL 428,BIOL,1,3
BIOL 430,BIOL 430,BIOL,3,2
BIOL 431,BIOL 431,BIOL,1,3
BIOL 432,BIOL 432,BIOL,3,3
BIOL 433,BIOL 433,BIOL,1,2
BIOL 434,BIOL 434,BIOL,5,4
BIOL 436,BIOL 436,BIOL,2,2
BIOL 437,BIOL 437,BIOL,5,4
BIOL 438,BIOL 438,BIOL,7,2
BIOL 440,BIOL 440,BIOL,2,2
BIOL 441,BIOL 441,BIOL,4,4
BIOL 444,BIOL 444,BIOL,1,2
BIOL 447,BIOL 447,BIOL,1,19
BIOL 449,BIOL 449,BIOL,1,20
BIOL 450,BIOL 450,BIOL,8,4
BIOL 451,BIOL 451,BIOL,6,2
PSYC 367,PSYC 367,PSYC,3,1
PSYC 370,PSYC 370,PSYC,7,2
BIOL 453,BIOL 453,BIOL,9,4
BIOL 454,BIOL 454,BIOL,2,4
BIOL 455,BIOL 455,BIOL,5,3
PSYC 360,PSYC 360,PSYC,1,2
BIOL 456,BIOL 456,BIOL,1,4
BIOL 457,BIOL 457,BIOL,1,4
BIOL 459,BIOL 459,BIOL,5,2
BIOL 460,BIOL 460,BIOL,5,2
BIOL 462,BIOL 462,BIOL,2,4
BIOL 463,BIOL 463,BIOL,4,4
BIOL 464,BIOL 464,BIOL,1,5
BIOL 465,BIOL 465,BIOL,1,3
BIOL 466,BIOL 466,BIOL,1,4
BIOL 499,BIOL 499,BIOL,2,1
BIOL 498,BIOL 498,BIOL,0,0
BMEG 101,BMEG 101,BMEG,2,19
BMEG 102,BMEG 102,BMEG,3,20
BMEG 200,BMEG 200,BMEG,2,3
PHYS 159,PHYS 159,PHYS,4,2
BMEG 201,BMEG 201,BMEG,7,1
BMEG 210,BMEG 210,BMEG,1,2
BMEG 220,BMEG 220,BMEG,4,19
MATH 264,MATH 264,MATH,7,20
BMEG 230,BMEG 230,BMEG,4,4
PHYS 170,PHYS 170,PHYS,13,2
BMEG 245,BMEG 245,BMEG,2,1
BMEG 250,BMEG 250,BMEG,2,3
BMEG 257,BMEG 257,BMEG,5,4
BMEG 310,BMEG 310,BMEG,3,2
CPEN 221,CPEN 221,CPEN,1,1
CPEN 223,CPEN 223,CPEN,1,1
BMEG 320,BMEG 320,BMEG,4,5
ELEC 221,ELEC 221,ELEC,3,3
ELEC 201,ELEC 201,ELEC,9,3
ELEC 202,ELEC 202,ELEC,7,4
BMEG 321,BMEG 321,BMEG,8,18
MATH 267,MATH 267,MATH,0,0
ELEC 211,ELEC 211,ELEC,6,19
ELEC 204,ELEC 204,ELEC,7,3
BMEG 330,BMEG 330,BMEG,1,5
BMEG 350,BMEG 350,BMEG,2,4
BMEG 357,BMEG 357,BMEG,1,5
BMEG 371,BMEG 371,BMEG,5,3
MATH 257,MATH 257,MATH,8,3
BMEG 372,BMEG 372,BMEG,2,4
BMEG 373,BMEG 373,BMEG,1,4
CHBE 251,CHBE 251,CHBE,5,3
BMEG 374,BMEG 374,BMEG,1,4
BMEG 420,BMEG 420,BMEG,4,6
ELEC 371,ELEC 371,ELEC,7,5
BMEG 457,BMEG 457,BMEG,2,6
BMEG 470,BMEG 470,BMEG,3,5
BMEG 474,BMEG 474,BMEG,3,5
BUSI 101,BUSI 101,BUSI,1,1
BUSI 100,BUSI 100,BUSI,0,0
BUSI 121,BUSI 121,BUSI,0,0
BUSI 221,BUSI 221,BUSI,1,1
BUSI 294,BUSI 294,BUSI,2,1
BUSI 293,BUSI 293,BUSI,1,0
BUSI 300,BUSI 300,BUSI,2,2
BUSI 330,BUSI 330,BUSI,0,0
BUSI 331,BUSI 331,BUSI,2,1
BUSI 352,BUSI 352,BUSI,2,1
BUSI 353,BUSI 353,BUSI,2,1
BUSI 354,BUSI 354,BUSI,3,2
BUSI 370,BUSI 370,BUSI,2,1
BUSI 355,BUSI 355,BUSI,1,1
BUSI 399,BUSI 399,BUSI,2,1
BUSI 290,BUSI 290,BUSI,0,0
BUSI 291,BUSI 291,BUSI,0,0
BUSI 414,BUSI 414,BUSI,2,1
BUSI 335,BUSI 335,BUSI,0,0
BUSI 441,BUSI 441,BUSI,1,1
BUSI 442,BUSI 442,BUSI,3,2
BUSI 444,BUSI 444,BUSI,0,0
BUSI 445,BUSI 445,BUSI,2,2
BUSI 446,BUSI 446,BUSI,1,3
BUSI 447,BUSI 447,BUSI,3,2
BUSI 295,BUSI 295,BUSI,0,0
BUSI 393,BUSI 393,BUSI,0,0
BUSI 450,BUSI 450,BUSI,4,2
BUSI 453,BUSI 453,BUSI,1,3
BUSI 454,BUSI 454,BUSI,1,2
BUSI 455,BUSI 455,BUSI,2,3
BUSI 460,BUSI 460,BUSI,3,2
BUSI 465,BUSI 465,BUSI,3,1
BUSI 470,BUSI 470,BUSI,2,2
COMM 473,COMM 473,COMM,17,1
BUSI 493,BUSI 493,BUSI,9,3
BUSI 497,BUSI 497,BUSI,4,3
BUSI 452,BUSI 452,BUSI,0,0
BUSI 498,BUSI 498,BUSI,8,2
ECON 102,ECON 102,ECON,2,0
ECON 309,ECON 309,ECON,15,2
BUSI 329,BUSI 329,BUSI,1,0
BUSI 499,BUSI 499,BUSI,4,3
CAPS 200,CAPS 200,CAPS,1,3
CAPS 390,CAPS 390,CAPS,2,2
CAPS 391,CAPS 391,CAPS,4,1
KIN 190,KIN 190,KIN,0,0
KIN 191,KIN 191,KIN,0,0
CAPS 398,CAPS 398,CAPS,4,3
CAPS 303,CAPS 303,CAPS,0,0
PHYL 301,PHYL 301,PHYL,0,0
PHYL 303,PHYL 303,PHYL,0,0
CAPS 399,CAPS 399,CAPS,2,1
PHYL 398,PHYL 398,PHYL,0,0
CAPS 421,CAPS 421,CAPS,4,1
ANAT 390,ANAT 390,ANAT,0,0
CAPS 422,CAPS 422,CAPS,2,1
CAPS 423,CAPS 423,CAPS,2,1
CAPS 424,CAPS 424,CAPS,2,1
CAPS 426,CAPS 426,CAPS,2,1
CAPS 431,CAPS 431,CAPS,1,1
CAPS 498,CAPS 498,CAPS,2,1
PHYL 399,PHYL 399,PHYL,0,0
CAPS 499,CAPS 499,CAPS,2,1
PHYL 498,PHYL 498,PHYL,0,0
CHBE 201,CHBE 201,CHBE,9,19
CHBE 220,CHBE 220,CHBE,4,20
CHEM 154,CHEM 154,CHEM,1,1
CHBE 221,CHBE 221,CHBE,1,21
CHBE 230,CHBE 230,CHBE,2,3
CHBE 241,CHBE 241,CHBE,4,3
MATH 152,MATH 152,MATH,5,2
CHBE 244,CHBE 244,CHBE,2,4
CHBE 262,CHBE 262,CHBE,6,20
CHEM 250,CHEM 250,CHEM,6,2
CHEM 251,CHEM 251,CHEM,5,2
CHBE 263,CHBE 263,CHBE,4,21
CHBE 264,CHBE 264,CHBE,3,22
CHBE 344,CHBE 344,CHBE,2,5
CHBE 345,CHBE 345,CHBE,4,20
CHBE 346,CHBE 346,CHBE,3,21
CHBE 352,CHBE 352,CHBE,3,4
CHBE 350,CHBE 350,CHBE,3,4
CHBE 351,CHBE 351,CHBE,0,0
CHBE 355,CHBE 355,CHBE,4,22
CHBE 356,CHBE 356,CHBE,3,3
CHBE 362,CHBE 362,CHBE,6,23
CHBE 370,CHBE 370,CHBE,3,5
CHBE 364,CHBE 364,CHBE,1,2
CHBE 373,CHBE 373,CHBE,5,1
CHBE 365,CHBE 365,CHBE,5,23
CHBE 381,CHBE 381,CHBE,6,2
CHBE 366,CHBE 366,CHBE,6,23
CIVL 215,CIVL 215,CIVL,3,3
MECH 280,MECH 280,MECH,12,3
MTRL 263,MTRL 263,MTRL,0,0
CHBE 376,CHBE 376,CHBE,3,23
CHBE 451,CHBE 451,CHBE,2,1
MTRL 350,MTRL 350,MTRL,0,0
CHBE 452,CHBE 452,CHBE,11,23
CHBE 254,CHBE 254,CHBE,0,0
CHBE 457,CHBE 457,CHBE,5,24
CHBE 459,CHBE 459,CHBE,3,0
CHBE 485,CHBE 485,CHBE,1,0
CHBE 453,CHBE 453,CHBE,7,24
CHBE 481,CHBE 481,CHBE,2,3
CHBE 454,CHBE 454,CHBE,6,24
CHBE 471,CHBE 471,CHBE,5,24
CHBE 455,CHBE 455,CHBE,1,3
CHBE 456,CHBE 456,CHBE,3,23
CHBE 464,CHBE 464,CHBE,6,24
CHBE 465,CHBE 465,CHBE,1,22
CHBE 470,CHBE 470,CHBE,2,2
CHBE 474,CHBE 474,CHBE,2,24
CHBE 476,CHBE 476,CHBE,2,24
CHBE 477,CHBE 477,CHBE,3,22
CHBE 478,CHBE 478,CHBE,2,3
CHBE 482,CHBE 482,CHBE,3,24
CHBE 484,CHBE 484,CHBE,2,5
CHBE 486,CHBE 486,CHBE,3,6
CHBE 487,CHBE 487,CHBE,2,3
FNH 300,FNH 300,FNH,9,2
CHBE 488,CHBE 488,CHBE,5,1
MTRL 252,MTRL 252,MTRL,0,0
CHBE 491,CHBE 491,CHBE,2,24
CHBE 492,CHBE 492,CHBE,1,25
CHBE 493,CHBE 493,CHBE,2,24
CHBE 494,CHBE 494,CHBE,1,25
CHBE 495,CHBE 495,CHBE,2,24
CHBE 496,CHBE 496,CHBE,1,25
CHEM 115,CHEM 115,CHEM,2,1
CHEM 120,CHEM 120,CHEM,2,1
CHEM 135,CHEM 135,CHEM,3,2
MATH 100,MATH 100,MATH,10,0
MATH 102,MATH 102,MATH,12,1
MATH 104,MATH 104,MATH,10,0
MATH 110,MATH 110,MATH,9,1
MATH 120,MATH 120,MATH,9,0
MATH 180,MATH 180,MATH,12,1
MATH 184,MATH 184,MATH,12,1
CHEM 208,CHEM 208,CHEM,3,2
CHEM 210,CHEM 210,CHEM,3,2
CHEM 211,CHEM 211,CHEM,4,2
CHEM 215,CHEM 215,CHEM,3,3
CHEM 218,CHEM 218,CHEM,1,3
CHEM 225,CHEM 225,CHEM,2,3
CHEM 235,CHEM 235,CHEM,4,3
CHEM 245,CHEM 245,CHEM,6,4
CHEM 301,CHEM 301,CHEM,3,2
CHEM 302,CHEM 302,CHEM,3,2
MATH 226,MATH 226,MATH,15,2
MATH 263,MATH 263,MATH,1,0
CHEM 305,CHEM 305,CHEM,7,3
CHEM 311,CHEM 311,CHEM,2,3
CHEM 312,CHEM 312,CHEM,8,1
CHEM 315,CHEM 315,CHEM,4,5
CHEM 318,CHEM 318,CHEM,2,3
CHEM 325,CHEM 325,CHEM,5,5
CHEM 327,CHEM 327,CHEM,6,3
CHEM 335,CHEM 335,CHEM,1,6
CHEM 341,CHEM 341,CHEM,4,3
CHEM 345,CHEM 345,CHEM,1,6
CHEM 355,CHEM 355,CHEM,3,3
CHEM 399,CHEM 399,CHEM,1,1
CHEM 398,CHEM 398,CHEM,0,0
CHEM 401,CHEM 401,CHEM,5,2
MATH 221,MATH 221,MATH,16,1
MATH 223,MATH 223,MATH,9,2
PHYS 304,PHYS 304,PHYS,5,4
CHEM 402,CHEM 402,CHEM,1,3
CHEM 403,CHEM 403,CHEM,6,3
CHEM 404,CHEM 404,CHEM,14,2
CHEM 405,CHEM 405,CHEM,3,3
CHEM 406,CHEM 406,CHEM,5,3
CHEM 407,CHEM 407,CHEM,2,3
CHEM 408,CHEM 408,CHEM,4,3
CHEM 410,CHEM 410,CHEM,4,3
CHEM 411,CHEM 411,CHEM,1,6
CHEM 460,CHEM 460,CHEM,1,5
CHEM 412,CHEM 412,CHEM,5,2
CHEM 413,CHEM 413,CHEM,2,5
CHEM 414,CHEM 414,CHEM,1,4
CHEM 416,CHEM 416,CHEM,2,5
CHEM 417,CHEM 417,CHEM,2,2
CHEM 418,CHEM 418,CHEM,1,4
CHEM 427,CHEM 427,CHEM,1,4
CHEM 434,CHEM 434,CHEM,1,4
CHEM 435,CHEM 435,CHEM,2,4
CHEM 445,CHEM 445,CHEM,2,7
CHEM 461,CHEM 461,CHEM,2,5
CHEM 473,CHEM 473,CHEM,4,5
CHEM 498,CHEM 498,CHEM,1,2
CHEM 499,CHEM 499,CHEM,1,3
CHIN 133,CHIN 133,CHIN,2,1
CHIN 101,CHIN 101,CHIN,0,0
CHIN 131,CHIN 131,CHIN,0,0
CHIN 143,CHIN 143,CHIN,2,1
CHIN 111,CHIN 111,CHIN,0,0
CHIN 141,CHIN 141,CHIN,0,0
CHIN 231,CHIN 231,CHIN,4,1
CHIN 103,CHIN 103,CHIN,0,0
CHIN 104,CHIN 104,CHIN,0,0
CHIN 134,CHIN 134,CHIN,0,0
CHIN 233,CHIN 233,CHIN,2,1
CHIN 105,CHIN 105,CHIN,0,0
CHIN 234,CHIN 234,CHIN,4,1
CHIN 241,CHIN 241,CHIN,4,1
CHIN 113,CHIN 113,CHIN,0,0
CHIN 114,CHIN 114,CHIN,0,0
CHIN 144,CHIN 144,CHIN,0,0
CHIN 243,CHIN 243,CHIN,2,1
CHIN 115,CHIN 115,CHIN,0,0
CHIN 244,CHIN 244,CHIN,4,1
CHIN 331,CHIN 331,CHIN,4,1
CHIN 107,CHIN 107,CHIN,0,0
CHIN 108,CHIN 108,CHIN,0,0
CHIN 333,CHIN 333,CHIN,2,1
CHIN 201,CHIN 201,CHIN,0,0
CHIN 334,CHIN 334,CHIN,4,1
CHIN 335,CHIN 335,CHIN,4,1
CHIN 203,CHIN 203,CHIN,0,0
CHIN 204,CHIN 204,CHIN,0,0
CHIN 205,CHIN 205,CHIN,0,0
CHIN 341,CHIN 341,CHIN,4,1
CHIN 117,CHIN 117,CHIN,0,0
CHIN 118,CHIN 118,CHIN,0,0
CHIN 343,CHIN 343,CHIN,2,1
CHIN 211,CHIN 211,CHIN,0,0
CHIN 344,CHIN 344,CHIN,4,1
CHIN 345,CHIN 345,CHIN,4,1
CHIN 213,CHIN 213,CHIN,0,0
CHIN 214,CHIN 214,CHIN,0,0
CHIN 215,CHIN 215,CHIN,0,0
CHIN 383,CHIN 383,CHIN,2,1
CHIN 221,CHIN 221,CHIN,0,0
CHIN 381,CHIN 381,CHIN,0,0
CHIN 388,CHIN 388,CHIN,9,1
JAPN 103,JAPN 103,JAPN,0,0
JAPN 151,JAPN 151,JAPN,0,0
JAPN 201,JAPN 201,JAPN,2,1
JAPN 260,JAPN 260,JAPN,3,1
KORN 200,KORN 200,KORN,2,1
CHIN 389,CHIN 389,CHIN,2,1
CLCH 389,CLCH 389,CLCH,0,0
CHIN 401,CHIN 401,CHIN,4,1
CHIN 403,CHIN 403,CHIN,2,1
CHIN 301,CHIN 301,CHIN,0,0
CHIN 404,CHIN 404,CHIN,4,1
CHIN 405,CHIN 405,CHIN,4,1
CHIN 407,CHIN 407,CHIN,2,1
CHIN 305,CHIN 305,CHIN,0,0
CHIN 408,CHIN 408,CHIN,4,1
CHIN 415,CHIN 415,CHIN,2,2
CHIN 435,CHIN 435,CHIN,4,1
CHIN 437,CHIN 437,CHIN,4,1
CHIN 441,CHIN 441,CHIN,4,1
CHIN 443,CHIN 443,CHIN,2,1
CHIN 311,CHIN 311,CHIN,0,0
CHIN 444,CHIN 444,CHIN,4,1
CHIN 445,CHIN 445,CHIN,4,1
CHIN 447,CHIN 447,CHIN,2,1
CHIN 315,CHIN 315,CHIN,0,0
CHIN 448,CHIN 448,CHIN,4,1
CHIN 451,CHIN 451,CHIN,14,1
CHIN 303,CHIN 303,CHIN,0,0
CHIN 304,CHIN 304,CHIN,0,0
CHIN 307,CHIN 307,CHIN,0,0
CHIN 308,CHIN 308,CHIN,0,0
CHIN 453,CHIN 453,CHIN,2,1
CHIN 411,CHIN 411,CHIN,0,0
CHIN 455,CHIN 455,CHIN,8,1
CHIN 457,CHIN 457,CHIN,8,1
CHIN 458,CHIN 458,CHIN,8,1
CHIN 461,CHIN 461,CHIN,10,1
CHIN 313,CHIN 313,CHIN,0,0
CHIN 314,CHIN 314,CHIN,0,0
CHIN 317,CHIN 317,CHIN,0,0
CHIN 318,CHIN 318,CHIN,0,0
CHIN 323,CHIN 323,CHIN,0,0
CHIN 463,CHIN 463,CHIN,10,1
CHIN 464,CHIN 464,CHIN,10,1
CHIN 465,CHIN 465,CHIN,5,2
CHIN 466,CHIN 466,CHIN,5,2
CHIN 471,CHIN 471,CHIN,10,1
CHIN 473,CHIN 473,CHIN,10,1
CHIN 474,CHIN 474,CHIN,10,1
CHIN 481,CHIN 481,CHIN,10,1
CHIN 483,CHIN 483,CHIN,10,1
CHIN 484,CHIN 484,CHIN,10,1
CHIN 485,CHIN 485,CHIN,5,2
CHIN 486,CHIN 486,CHIN,5,2
CHIN 489,CHIN 489,CHIN,5,2
CHIN 491,CHIN 491,CHIN,10,1
CHIN 493,CHIN 493,CHIN,10,1
CHIN 494,CHIN 494,CHIN,10,1
CIVL 201,CIVL 201,CIVL,8,19
CIVL 203,CIVL 203,CIVL,8,20
CIVL 204,CIVL 204,CIVL,1,2
CIVL 210,CIVL 210,CIVL,8,3
CIVL 230,CIVL 230,CIVL,2,3
MECH 260,MECH 260,MECH,5,2
EOSC 210,EOSC 210,EOSC,1,0
EOSC 329,EOSC 329,EOSC,7,2
CIVL 231,CIVL 231,CIVL,3,21
CIVL 300,CIVL 300,CIVL,1,21
CIVL 301,CIVL 301,CIVL,3,20
STAT 251,STAT 251,STAT,6,2
CIVL 302,CIVL 302,CIVL,1,20
CIVL 303,CIVL 303,CIVL,5,22
CIVL 311,CIVL 311,CIVL,1,4
CIVL 315,CIVL 315,CIVL,3,21
CIVL 316,CIVL 316,CIVL,2,21
CIVL 320,CIVL 320,CIVL,2,2
CIVL 331,CIVL 331,CIVL,1,22
CIVL 332,CIVL 332,CIVL,2,22
CIVL 340,CIVL 340,CIVL,1,3
CIVL 404,CIVL 404,CIVL,1,3
CIVL 406,CIVL 406,CIVL,1,1
CIVL 305,CIVL 305,CIVL,0,0
CIVL 407,CIVL 407,CIVL,1,2
CIVL 408,CIVL 408,CIVL,3,22
CIVL 409,CIVL 409,CIVL,2,22
CIVL 410,CIVL 410,CIVL,1,5
CIVL 411,CIVL 411,CIVL,1,5
CIVL 413,CIVL 413,CIVL,1,5
CIVL 415,CIVL 415,CIVL,3,22
CIVL 416,CIVL 416,CIVL,2,22
CIVL 417,CIVL 417,CIVL,3,22
EOSC 213,EOSC 213,EOSC,9,3
CIVL 418,CIVL 418,CIVL,1,22
CIVL 420,CIVL 420,CIVL,1,3
CIVL 422,CIVL 422,CIVL,1,3
CIVL 430,CIVL 430,CIVL,1,23
CIVL 432,CIVL 432,CIVL,2,23
CIVL 433,CIVL 433,CIVL,1,24
CIVL 435,CIVL 435,CIVL,1,23
CIVL 436,CIVL 436,CIVL,1,23
CIVL 437,CIVL 437,CIVL,2,4
MECH 360,MECH 360,MECH,4,3
CIVL 439,CIVL 439,CIVL,2,4
WOOD 386,WOOD 386,WOOD,2,3
CIVL 440,CIVL 440,CIVL,1,4
CIVL 441,CIVL 441,CIVL,1,4
CIVL 445,CIVL 445,CIVL,1,21
CIVL 446,CIVL 446,CIVL,1,22
CIVL 475,CIVL 475,CIVL,5,1
APSC 261,APSC 261,APSC,0,0
APSC 262,APSC 262,APSC,0,0
APSC 263,APSC 263,APSC,0,0
CIVL 250,CIVL 250,CIVL,0,0
CNTO 301,CNTO 301,CNTO,4,1
CNTO 303,CNTO 303,CNTO,1,2
CNTO 311,CNTO 311,CNTO,2,2
CNTO 401,CNTO 401,CNTO,2,3
CNTO 403,CNTO 403,CNTO,1,4
CNTO 451,CNTO 451,CNTO,1,4
COEC 294,COEC 294,COEC,2,1
COEC 293,COEC 293,COEC,0,0
COMM 293,COMM 293,COMM,4,0
COEC 298,COEC 298,COEC,2,3
ECON 204,ECON 204,ECON,15,2
COEC 365,COEC 365,COEC,3,3
ECON 315,ECON 315,ECON,15,2
ECON 316,ECON 316,ECON,3,3
ECON 308,ECON 308,ECON,15,2
COEC 370,COEC 370,COEC,3,3
COEC 371,COEC 371,COEC,3,3
COEC 377,COEC 377,COEC,1,4
COEC 394,COEC 394,COEC,1,3
COEC 475,COEC 475,COEC,3,3
COGS 200,COGS 200,COGS,0,0
COGS 300,COGS 300,COGS,1,1
COGS 303,COGS 303,COGS,1,1
COGS 401,COGS 401,COGS,1,2
COGS 402,COGS 402,COGS,1,2
COHR 301,COHR 301,COHR,1,2
COMM 203,COMM 203,COMM,5,1
COHR 302,COHR 302,COHR,3,2
COMM 191,COMM 191,COMM,2,1
COHR 303,COHR 303,COHR,1,2
COHR 304,COHR 304,COHR,1,2
COHR 305,COHR 305,COHR,1,2
COHR 307,COHR 307,COHR,1,2
COHR 308,COHR 308,COHR,1,2
COHR 310,COHR 310,COHR,1,2
COHR 311,COHR 311,COHR,1,2
COHR 401,COHR 401,COHR,1,2
COHR 402,COHR 402,COHR,1,2
COHR 403,COHR 403,COHR,1,2
COHR 404,COHR 404,COHR,1,2
COHR 405,COHR 405,COHR,1,2
COHR 406,COHR 406,COHR,1,2
COHR 407,COHR 407,COHR,2,3
COHR 408,COHR 408,COHR,1,2
COHR 409,COHR 409,COHR,1,2
COHR 410,COHR 410,COHR,1,2
COHR 411,COHR 411,COHR,1,2
COHR 412,COHR 412,COHR,1,2
COHR 433,COHR 433,COHR,2,2
COMM 393,COMM 393,COMM,0,0
COMM 190,COMM 190,COMM,8,1
COMM 290,COMM 290,COMM,1,0
COMM 192,COMM 192,COMM,0,0
COMM 292,COMM 292,COMM,0,0
ECON 100,ECON 100,ECON,2,0
COMM 204,COMM 204,COMM,6,1
COMM 294,COMM 294,COMM,2,1
COMM 295,COMM 295,COMM,5,1
COMM 296,COMM 296,COMM,5,1
ECON 201,ECON 201,ECON,1,0
ECON 301,ECON 301,ECON,15,2
COMM 298,COMM 298,COMM,6,2
COMM 306,COMM 306,COMM,3,1
COMM 307,COMM 307,COMM,5,1
COMM 297,COMM 297,COMM,1,0
COMM 310,COMM 310,COMM,2,1
COMM 335,COMM 335,COMM,2,1
COMM 205,COMM 205,COMM,1,0
CPSC 210,CPSC 210,CPSC,2,1
COMM 336,COMM 336,COMM,1,1
COMM 337,COMM 337,COMM,1,1
COMM 349,COMM 349,COMM,2,2
COMM 353,COMM 353,COMM,5,2
COMM 397,COMM 397,COMM,1,0
COMM 354,COMM 354,COMM,6,2
COMM 355,COMM 355,COMM,2,1
COMM 457,COMM 457,COMM,2,0
COMM 362,COMM 362,COMM,1,2
COMM 363,COMM 363,COMM,1,2
COMM 365,COMM 365,COMM,9,2
COMM 370,COMM 370,COMM,2,3
COMM 371,COMM 371,COMM,2,3
COMM 374,COMM 374,COMM,3,4
COMM 376,COMM 376,COMM,1,3
COMM 377,COMM 377,COMM,2,4
COMM 381,COMM 381,COMM,1,1
COMM 380,COMM 380,COMM,0,0
COMM 390,COMM 390,COMM,6,1
ASTU 150,ASTU 150,ASTU,0,0
ENGL 100,ENGL 100,ENGL,0,0
COMM 394,COMM 394,COMM,3,1
COMM 405,COMM 405,COMM,2,1
COMM 407,COMM 407,COMM,3,1
COMM 408,COMM 408,COMM,2,2
COMM 411,COMM 411,COMM,2,1
COMM 414,COMM 414,COMM,1,2
COMM 415,COMM 415,COMM,3,1
COMM 425,COMM 425,COMM,5,1
COMM 327,COMM 327,COMM,0,0
COMM 428,COMM 428,COMM,2,2
COMM 431,COMM 431,COMM,1,1
COMM 434,COMM 434,COMM,1,1
COMM 435,COMM 435,COMM,1,1
COMM 436,COMM 436,COMM,2,2
CPSC 310,CPSC 310,CPSC,2,3
COMM 437,COMM 437,COMM,1,2
COMM 438,COMM 438,COMM,1,1
COMM 439,COMM 439,COMM,1,2
COMM 441,COMM 441,COMM,1,2
COMM 443,COMM 443,COMM,1,2
COMM 444,COMM 444,COMM,3,1
COMM 446,COMM 446,COMM,4,1
ECON 206,ECON 206,ECON,0,0
COMM 447,COMM 447,COMM,2,2
COMM 448,COMM 448,COMM,1,2
COMM 449,COMM 449,COMM,1,2
COMM 450,COMM 450,COMM,2,3
COMM 453,COMM 453,COMM,2,4
COMM 454,COMM 454,COMM,1,2
COMM 455,COMM 455,COMM,2,4
COMM 456,COMM 456,COMM,1,2
COMM 458,COMM 458,COMM,3,1
COMR 457,COMR 457,COMR,2,0
COMM 459,COMM 459,COMM,5,1
COMM 462,COMM 462,COMM,1,3
COMM 464,COMM 464,COMM,1,2
COMM 465,COMM 465,COMM,7,1
ECON 310,ECON 310,ECON,2,0
ECON 311,ECON 311,ECON,2,0
COMM 467,COMM 467,COMM,1,2
COMM 468,COMM 468,COMM,3,3
COMM 469,COMM 469,COMM,1,2
COMM 470,COMM 470,COMM,2,1
COMM 387,COMM 387,COMM,1,0
COMM 471,COMM 471,COMM,1,4
COMM 474,COMM 474,COMM,1,5
COMM 475,COMM 475,COMM,1,4
COMM 477,COMM 477,COMM,1,5
COMM 479,COMM 479,COMM,2,4
COMM 480,COMM 480,COMM,1,2
COMM 481,COMM 481,COMM,1,3
COMM 491,COMM 491,COMM,3,1
COMM 395,COMM 395,COMM,0,0
COMM 396,COMM 396,COMM,0,0
COMM 492,COMM 492,COMM,3,1
COMM 493,COMM 493,COMM,14,2
COMM 329,COMM 329,COMM,2,0
COMR 329,COMR 329,COMR,2,0
COMR 465,COMR 465,COMR,7,1
COMR 473,COMR 473,COMR,17,1
COMM 497,COMM 497,COMM,3,1
COMM 498,COMM 498,COMM,3,1
COMR 382,COMR 382,COMR,5,1
COMM 280,COMM 280,COMM,2,0
COMR 280,COMR 280,COMR,2,0
COMR 386,COMR 386,COMR,2,1
COMR 387,COMR 387,COMR,3,1
COMR 388,COMR 388,COMR,2,1
COMR 389,COMR 389,COMR,2,1
COMR 458,COMR 458,COMR,3,1
COMR 482,COMR 482,COMR,2,1
COMR 486,COMR 486,COMR,2,1
COMR 493,COMR 493,COMR,14,2
COMR 497,COMR 497,COMR,6,1
COMM 382,COMM 382,COMM,1,0
CONS 302,CONS 302,CONS,2,1
CONS 310,CONS 310,CONS,2,1
CONS 314,CONS 314,CONS,4,1
GEOB 102,GEOB 102,GEOB,0,0
GEOB 103,GEOB 103,GEOB,0,0
CONS 340,CONS 340,CONS,0,0
CONS 440,CONS 440,CONS,1,1
CONS 200,CONS 200,CONS,0,0
CONS 452,CONS 452,CONS,3,1
GEOB 270,GEOB 270,GEOB,0,0
FRST 443,FRST 443,FRST,1,0
CONS 453,CONS 453,CONS,4,5
FRST 210,FRST 210,FRST,1,3
FRST 211,FRST 211,FRST,1,4
CONS 486,CONS 486,CONS,1,1
FRST 386,FRST 386,FRST,0,0
CONS 491,CONS 491,CONS,2,1
UFOR 200,UFOR 200,UFOR,0,0
CONS 481,CONS 481,CONS,0,0
CONS 495,CONS 495,CONS,4,3
CPEN 211,CPEN 211,CPEN,2,1
CPEN 212,CPEN 212,CPEN,4,2
CPSC 259,CPSC 259,CPSC,1,1
CPEN 281,CPEN 281,CPEN,7,1
CPEN 291,CPEN 291,CPEN,2,4
CPEN 311,CPEN 311,CPEN,2,2
CPEN 312,CPEN 312,CPEN,4,4
ELEC 203,ELEC 203,ELEC,2,3
MECH 221,MECH 221,MECH,15,22
CPEN 321,CPEN 321,CPEN,1,4
CPEN 322,CPEN 322,CPEN,2,3
CPSC 221,CPSC 221,CPSC,4,2
CPEN 331,CPEN 331,CPEN,3,2
CPSC 261,CPSC 261,CPSC,4,1
CPEN 333,CPEN 333,CPEN,3,2
CPEN 391,CPEN 391,CPEN,5,5
CPEN 411,CPEN 411,CPEN,3,3
CPEN 412,CPEN 412,CPEN,3,3
CPEN 421,CPEN 421,CPEN,2,4
CPEN 422,CPEN 422,CPEN,4,2
CPEN 423,CPEN 423,CPEN,3,2
CPEN 431,CPEN 431,CPEN,6,3
CPSC 313,CPSC 313,CPSC,2,3
ELEC 331,ELEC 331,ELEC,5,2
CPSC 317,CPSC 317,CPSC,3,3
CPEN 432,CPEN 432,CPEN,3,3
CPEN 441,CPEN 441,CPEN,5,2
CPSC 260,CPSC 260,CPSC,0,0
CPEN 442,CPEN 442,CPEN,3,3
CPEN 491,CPEN 491,CPEN,1,6
CPSC 107,CPSC 107,CPSC,2,1
CPSC 121,CPSC 121,CPSC,4,1
Pre-calculus 12,Pre-calculus 12,Pre-calculus,0,0
CPSC 203,CPSC 203,CPSC,6,1
MATH 210,MATH 210,MATH,12,3
CPSC 213,CPSC 213,CPSC,2,2
MATH 220,MATH 220,MATH,10,2
EECE 259,EECE 259,EECE,0,0
EECE 210,EECE 210,EECE,0,0
CPSC 299,CPSC 299,CPSC,1,1
CPSC 298,CPSC 298,CPSC,0,0
CPSC 301,CPSC 301,CPSC,0,0
CPSC 304,CPSC 304,CPSC,1,3
CPSC 311,CPSC 311,CPSC,1,2
CPSC 312,CPSC 312,CPSC,2,2
CPSC 314,CPSC 314,CPSC,8,3
CPSC 319,CPSC 319,CPSC,1,4
CPSC 320,CPSC 320,CPSC,1,3
CPSC 322,CPSC 322,CPSC,1,3
CPSC 330,CPSC 330,CPSC,6,2
CPSC 340,CPSC 340,CPSC,16,3
MATH 254,MATH 254,MATH,12,23
ECON 327,ECON 327,ECON,15,2
MATH 302,MATH 302,MATH,6,3
STAT 302,STAT 302,STAT,6,3
MATH 318,MATH 318,MATH,12,3
CPSC 344,CPSC 344,CPSC,2,2
CPSC 368,CPSC 368,CPSC,3,2
CPSC 402,CPSC 402,CPSC,3,3
MATH 307,MATH 307,MATH,8,3
CPSC 404,CPSC 404,CPSC,4,4
CPSC 406,CPSC 406,CPSC,3,3
CPSC 410,CPSC 410,CPSC,3,4
CPSC 411,CPSC 411,CPSC,3,3
CPSC 415,CPSC 415,CPSC,2,3
CPSC 416,CPSC 416,CPSC,4,3
CPSC 417,CPSC 417,CPSC,6,4
STAT 201,STAT 201,STAT,1,2
CPSC 418,CPSC 418,CPSC,5,4
CPSC 420,CPSC 420,CPSC,1,4
CPSC 421,CPSC 421,CPSC,1,3
CPSC 422,CPSC 422,CPSC,1,4
CPSC 424,CPSC 424,CPSC,8,4
CPSC 425,CPSC 425,CPSC,3,3
CPSC 426,CPSC 426,CPSC,1,4
CPSC 427,CPSC 427,CPSC,8,3
CPSC 440,CPSC 440,CPSC,2,4
CPSC 444,CPSC 444,CPSC,19,3
KIN 206,KIN 206,KIN,0,0
CPSC 445,CPSC 445,CPSC,2,4
CPSC 447,CPSC 447,CPSC,2,4
CPSC 449,CPSC 449,CPSC,1,1
CPSC 349,CPSC 349,CPSC,0,0
CPSC 455,CPSC 455,CPSC,2,4
CPSC 491,CPSC 491,CPSC,3,4
CRWR 301,CRWR 301,CRWR,1,1
CRWR 201,CRWR 201,CRWR,0,0
CRWR 302,CRWR 302,CRWR,1,1
CRWR 213,CRWR 213,CRWR,0,0
CRWR 303,CRWR 303,CRWR,1,1
CRWR 203,CRWR 203,CRWR,0,0
CRWR 305,CRWR 305,CRWR,1,1
CRWR 205,CRWR 205,CRWR,0,0
CRWR 306,CRWR 306,CRWR,1,1
CRWR 206,CRWR 206,CRWR,0,0
CRWR 307,CRWR 307,CRWR,2,1
CRWR 200,CRWR 200,CRWR,0,0
CRWR 202,CRWR 202,CRWR,0,0
CRWR 308,CRWR 308,CRWR,1,1
CRWR 208,CRWR 208,CRWR,0,0
CRWR 309,CRWR 309,CRWR,1,1
CRWR 209,CRWR 209,CRWR,0,0
CRWR 310,CRWR 310,CRWR,1,1
CRWR 311,CRWR 311,CRWR,2,1
CRWR 312,CRWR 312,CRWR,1,1
CRWR 316,CRWR 316,CRWR,1,1
CRWR 319,CRWR 319,CRWR,2,1
CRWR 351,CRWR 351,CRWR,1,2
CRWR 353,CRWR 353,CRWR,1,2
CRWR 355,CRWR 355,CRWR,1,2
CRWR 356,CRWR 356,CRWR,1,2
CRWR 358,CRWR 358,CRWR,1,2
CRWR 359,CRWR 359,CRWR,1,2
CRWR 415,CRWR 415,CRWR,0,0
CRWR 460,CRWR 460,CRWR,1,1
CSIS 200,CSIS 200,CSIS,1,1
GRSJ 101,GRSJ 101,GRSJ,0,0
CSIS 301,CSIS 301,CSIS,1,1
DENT 407,DENT 407,DENT,2,1
DHYG 405,DHYG 405,DHYG,0,0
DHYG 435,DHYG 435,DHYG,0,0
DENT 420,DENT 420,DENT,1,1
DENT 410,DENT 410,DENT,0,0
DENT 430,DENT 430,DENT,1,2
DENT 440,DENT 440,DENT,1,3
DES 201,DES 201,DES,2,1
DES 110,DES 110,DES,0,0
VISA 180,VISA 180,VISA,0,0
DES 202,DES 202,DES,1,2
DES 211,DES 211,DES,2,1
DES 212,DES 212,DES,1,2
DES 301,DES 301,DES,1,3
DES 302,DES 302,DES,1,4
DES 321,DES 321,DES,1,1
DES 320,DES 320,DES,0,0
DES 322,DES 322,DES,1,1
DES 323,DES 323,DES,1,1
DES 330,DES 330,DES,2,1
DES 231,DES 231,DES,0,0
DES 232,DES 232,DES,0,0
DES 350,DES 350,DES,1,5
DES 401,DES 401,DES,1,5
DES 402,DES 402,DES,1,6
DES 403,DES 403,DES,1,6
DES 422,DES 422,DES,3,2
DES 442,DES 442,DES,1,1
DES 341,DES 341,DES,0,0
DES 443,DES 443,DES,1,2
DES 444,DES 444,DES,1,3
DHYG 206,DHYG 206,DHYG,2,2
DHYG 108,DHYG 108,DHYG,0,0
DHYG 208,DHYG 208,DHYG,1,1
DHYG 210,DHYG 210,DHYG,1,1
DHYG 110,DHYG 110,DHYG,0,0
DHYG 308,DHYG 308,DHYG,1,2
DHYG 310,DHYG 310,DHYG,1,2
DHYG 406,DHYG 406,DHYG,3,2
DHYG 400,DHYG 400,DHYG,0,0
DHYG 401,DHYG 401,DHYG,2,0
DHYG 461,DHYG 461,DHYG,1,1
DHYG 410,DHYG 410,DHYG,1,3
DHYG 412,DHYG 412,DHYG,1,3
DHYG 462,DHYG 462,DHYG,3,2
MATH 12,MATH 12,MATH,0,0
DSCI 310,DSCI 310,DSCI,8,2
ECON 323,ECON 323,ECON,14,2
DSCI 320,DSCI 320,DSCI,4,3
ECED 490,ECED 490,ECED,2,1
ECED 400,ECED 400,ECED,0,0
ECED 438,ECED 438,ECED,0,0
ECED 491,ECED 491,ECED,5,2
ECED 401,ECED 401,ECED,0,0
EPSE 406,EPSE 406,EPSE,0,0
ECED 495,ECED 495,ECED,8,3
ECED 406,ECED 406,ECED,0,0
ECED 407,ECED 407,ECED,0,0
ECON 210,ECON 210,ECON,2,1
ECON 211,ECON 211,ECON,2,1
ECON 221,ECON 221,ECON,2,1
ECON 226,ECON 226,ECON,2,1
ECON 234,ECON 234,ECON,2,1
ECON 255,ECON 255,ECON,2,1
ECON 302,ECON 302,ECON,15,2
ECON 303,ECON 303,ECON,2,3
ECON 304,ECON 304,ECON,13,2
ECON 305,ECON 305,ECON,15,2
ECON 306,ECON 306,ECON,1,3
ECON 307,ECON 307,ECON,1,3
ECON 312,ECON 312,ECON,2,1
ECON 313,ECON 313,ECON,2,1
ECON 317,ECON 317,ECON,2,1
ECON 318,ECON 318,ECON,2,1
ECON 319,ECON 319,ECON,2,1
ECON 320,ECON 320,ECON,15,2
ECON 326,ECON 326,ECON,2,3
ECON 328,ECON 328,ECON,2,3
ECON 334,ECON 334,ECON,2,1
ECON 335,ECON 335,ECON,2,1
ECON 336,ECON 336,ECON,2,1
ECON 337,ECON 337,ECON,2,1
ECON 339,ECON 339,ECON,2,1
ECON 341,ECON 341,ECON,2,1
ECON 342,ECON 342,ECON,2,1
ECON 343,ECON 343,ECON,2,1
ECON 345,ECON 345,ECON,2,1
ECON 350,ECON 350,ECON,2,1
ECON 351,ECON 351,ECON,2,1
ECON 352,ECON 352,ECON,2,1
ECON 355,ECON 355,ECON,2,1
ECON 356,ECON 356,ECON,2,1
ECON 360,ECON 360,ECON,2,1
ECON 361,ECON 361,ECON,2,1
ECON 364,ECON 364,ECON,2,1
ECON 365,ECON 365,ECON,2,1
ECON 367,ECON 367,ECON,2,1
ECON 370,ECON 370,ECON,2,1
ECON 371,ECON 371,ECON,2,1
ECON 374,ECON 374,ECON,2,1
ECON 384,ECON 384,ECON,2,1
ECON 387,ECON 387,ECON,2,1
ECON 390,ECON 390,ECON,11,1
ECON 398,ECON 398,ECON,13,1
ECON 406,ECON 406,ECON,6,4
ECON 407,ECON 407,ECON,6,4
ECON 417,ECON 417,ECON,3,3
ECON 420,ECON 420,ECON,7,4
ECON 421,ECON 421,ECON,3,3
ECON 425,ECON 425,ECON,4,4
ECON 426,ECON 426,ECON,1,5
ECON 436,ECON 436,ECON,6,3
ECON 441,ECON 441,ECON,3,3
ECON 442,ECON 442,ECON,3,3
ECON 444,ECON 444,ECON,3,3
ECON 447,ECON 447,ECON,6,3
ECON 450,ECON 450,ECON,3,3
ECON 451,ECON 451,ECON,3,3
ECON 455,ECON 455,ECON,3,3
ECON 456,ECON 456,ECON,3,3
ECON 457,ECON 457,ECON,2,1
ECON 460,ECON 460,ECON,6,3
ECON 461,ECON 461,ECON,6,3
ECON 465,ECON 465,ECON,2,3
ECON 466,ECON 466,ECON,3,3
ECON 468,ECON 468,ECON,3,3
ECON 471,ECON 471,ECON,3,3
ECON 472,ECON 472,ECON,3,3
ECON 480,ECON 480,ECON,4,2
ECON 482,ECON 482,ECON,3,3
ECON 485,ECON 485,ECON,10,4
ECON 487,ECON 487,ECON,3,3
ECON 490,ECON 490,ECON,6,4
ECON 493,ECON 493,ECON,1,4
ECON 494,ECON 494,ECON,1,5
EDCP 306,EDCP 306,EDCP,1,1
EDCP 305,EDCP 305,EDCP,0,0
EDCP 317,EDCP 317,EDCP,1,1
EDCP 316,EDCP 316,EDCP,0,0
EDCP 342,EDCP 342,EDCP,0,0
EDCP 343,EDCP 343,EDCP,2,1
EDCP 340,EDCP 340,EDCP,0,0
EDCP 344,EDCP 344,EDCP,2,1
EDCP 377,EDCP 377,EDCP,1,1
EDCP 374,EDCP 374,EDCP,0,0
EDCP 410,EDCP 410,EDCP,1,1
EDCP 308,EDCP 308,EDCP,0,0
EDCP 411,EDCP 411,EDCP,1,1
EDCP 413,EDCP 413,EDCP,1,1
EDCP 414,EDCP 414,EDCP,1,1
EDCP 415,EDCP 415,EDCP,2,1
EPSE 312,EPSE 312,EPSE,0,0
EPSE 317,EPSE 317,EPSE,0,0
EDCP 417,EDCP 417,EDCP,4,1
EDCP 309,EDCP 309,EDCP,0,0
EDCP 416,EDCP 416,EDCP,0,0
EDCP 418,EDCP 418,EDCP,1,2
EDCP 419,EDCP 419,EDCP,1,3
EDCP 430,EDCP 430,EDCP,1,1
EDCP 331,EDCP 331,EDCP,0,0
EDCP 441,EDCP 441,EDCP,2,1
EDCP 491,EDCP 491,EDCP,1,1
EDCP 391,EDCP 391,EDCP,0,0
EDUC 211,EDUC 211,EDUC,2,1
EDUC 321,EDUC 321,EDUC,1,1
EDUC 315,EDUC 315,EDUC,1,0
EDUC 323,EDUC 323,EDUC,1,1
EDUC 342,EDUC 342,EDUC,3,1
LLED 489,LLED 489,LLED,0,0
LING 400,LING 400,LING,0,0
EDUC 344,EDUC 344,EDUC,2,1
EDUC 143,EDUC 143,EDUC,0,0
EDUC 244,EDUC 244,EDUC,0,0
EDUC 418,EDUC 418,EDUC,0,0
EDUC 419,EDUC 419,EDUC,0,0
EDUC 421,EDUC 421,EDUC,0,0
EDUC 430,EDUC 430,EDUC,3,1
EDUC 451,EDUC 451,EDUC,1,1
EDUC 450,EDUC 450,EDUC,0,0
EDUC 452,EDUC 452,EDUC,1,2
ELEC 205,ELEC 205,ELEC,1,4
ELEC 271,ELEC 271,ELEC,1,5
ELEC 281,ELEC 281,ELEC,7,1
ELEC 291,ELEC 291,ELEC,2,4
ELEC 292,ELEC 292,ELEC,3,4
ELEC 301,ELEC 301,ELEC,4,4
ELEC 302,ELEC 302,ELEC,4,4
ELEC 311,ELEC 311,ELEC,8,20
ELEC 315,ELEC 315,ELEC,2,4
ELEC 321,ELEC 321,ELEC,2,4
STAT 305,STAT 305,STAT,13,4
ELEC 341,ELEC 341,ELEC,2,4
ELEC 342,ELEC 342,ELEC,2,5
ELEC 343,ELEC 343,ELEC,2,5
ELEC 344,ELEC 344,ELEC,4,4
ELEC 352,ELEC 352,ELEC,2,6
ELEC 391,ELEC 391,ELEC,3,5
ELEC 401,ELEC 401,ELEC,3,5
ELEC 402,ELEC 402,ELEC,1,3
ELEC 403,ELEC 403,ELEC,1,4
ELEC 404,ELEC 404,ELEC,2,6
ELEC 411,ELEC 411,ELEC,3,5
PHYS 354,PHYS 354,PHYS,9,4
ELEC 415,ELEC 415,ELEC,2,5
ELEC 421,ELEC 421,ELEC,1,4
ELEC 422,ELEC 422,ELEC,9,6
ELEC 431,ELEC 431,ELEC,7,4
STAT 357,STAT 357,STAT,0,0
ELEC 432,ELEC 432,ELEC,1,5
ELEC 434,ELEC 434,ELEC,1,4
ELEC 441,ELEC 441,ELEC,1,5
ELEC 442,ELEC 442,ELEC,1,3
ELEC 451,ELEC 451,ELEC,3,5
ELEC 452,ELEC 452,ELEC,2,6
ELEC 453,ELEC 453,ELEC,1,6
ELEC 454,ELEC 454,ELEC,1,7
ELEC 455,ELEC 455,ELEC,2,7
ELEC 461,ELEC 461,ELEC,6,2
MTRL 478,MTRL 478,MTRL,1,0
ELEC 471,ELEC 471,ELEC,4,21
ELEC 472,ELEC 472,ELEC,4,5
ELEC 491,ELEC 491,ELEC,1,6
ELEC 494,ELEC 494,ELEC,1,6
ENDS 302,ENDS 302,ENDS,1,1
ENDS 301,ENDS 301,ENDS,0,0
ENDS 401,ENDS 401,ENDS,1,2
ENDS 402,ENDS 402,ENDS,1,3
ENGL 200,ENGL 200,ENGL,5,1
ENGL 220,ENGL 220,ENGL,5,1
ENGL 221,ENGL 221,ENGL,5,1
ENGL 222,ENGL 222,ENGL,5,1
ENGL 223,ENGL 223,ENGL,5,1
ENGL 224,ENGL 224,ENGL,5,1
ENGL 225,ENGL 225,ENGL,5,1
ENGL 226,ENGL 226,ENGL,5,1
ENGL 227,ENGL 227,ENGL,5,1
ENGL 228,ENGL 228,ENGL,5,1
ENGL 229,ENGL 229,ENGL,5,1
ENGL 231,ENGL 231,ENGL,5,1
ENGL 232,ENGL 232,ENGL,5,1
ENGL 241,ENGL 241,ENGL,5,1
ENGL 242,ENGL 242,ENGL,5,1
ENGL 243,ENGL 243,ENGL,5,1
ENGL 244,ENGL 244,ENGL,5,1
ENGL 245,ENGL 245,ENGL,5,1
ENGL 246,ENGL 246,ENGL,5,1
ENGL 247,ENGL 247,ENGL,5,1
ENGL 248,ENGL 248,ENGL,5,1
ENGL 249,ENGL 249,ENGL,5,1
ENGL 300,ENGL 300,ENGL,1,1
ENGL 210,ENGL 210,ENGL,0,0
ENGL 301,ENGL 301,ENGL,5,1
ENGL 304,ENGL 304,ENGL,5,1
ENGL 307,ENGL 307,ENGL,5,1
ENGL 308,ENGL 308,ENGL,5,1
ENGL 309,ENGL 309,ENGL,5,1
ENGL 310,ENGL 310,ENGL,5,1
ENGL 311,ENGL 311,ENGL,5,1
ENGL 312,ENGL 312,ENGL,5,1
ENGL 318,ENGL 318,ENGL,5,1
ENGL 319,ENGL 319,ENGL,5,1
ENGL 321,ENGL 321,ENGL,5,1
ENGL 322,ENGL 322,ENGL,5,1
ENGL 323,ENGL 323,ENGL,5,1
ENGL 324,ENGL 324,ENGL,5,1
ENGL 326,ENGL 326,ENGL,5,1
ENGL 327,ENGL 327,ENGL,5,1
ENGL 328,ENGL 328,ENGL,5,1
ENGL 330,ENGL 330,ENGL,5,1
ENGL 331,ENGL 331,ENGL,5,1
ENGL 332,ENGL 332,ENGL,5,1
ENGL 333,ENGL 333,ENGL,5,1
ENGL 334,ENGL 334,ENGL,5,1
ENGL 335,ENGL 335,ENGL,5,1
ENGL 336,ENGL 336,ENGL,5,1
ENGL 337,ENGL 337,ENGL,5,1
ENGL 338,ENGL 338,ENGL,5,1
ENGL 339,ENGL 339,ENGL,5,1
ENGL 342,ENGL 342,ENGL,5,1
ENGL 343,ENGL 343,ENGL,5,1
ENGL 344,ENGL 344,ENGL,5,1
ENGL 346,ENGL 346,ENGL,5,1
ENGL 347,ENGL 347,ENGL,5,1
ENGL 348,ENGL 348,ENGL,5,1
ENGL 349,ENGL 349,ENGL,5,1
ENGL 350,ENGL 350,ENGL,5,1
ENGL 351,ENGL 351,ENGL,5,1
ENGL 353,ENGL 353,ENGL,5,1
ENGL 355,ENGL 355,ENGL,5,1
ENGL 360,ENGL 360,ENGL,5,1
ENGL 361,ENGL 361,ENGL,5,1
ENGL 362,ENGL 362,ENGL,5,1
ENGL 364,ENGL 364,ENGL,5,1
ENGL 365,ENGL 365,ENGL,5,1
ENGL 366,ENGL 366,ENGL,5,1
ENGL 368,ENGL 368,ENGL,5,1
ENGL 370,ENGL 370,ENGL,5,1
ENGL 371,ENGL 371,ENGL,5,1
ENGL 372,ENGL 372,ENGL,5,1
ENGL 373,ENGL 373,ENGL,5,1
ENGL 374,ENGL 374,ENGL,5,1
ENGL 375,ENGL 375,ENGL,5,1
ENGL 377,ENGL 377,ENGL,5,1
ENGL 378,ENGL 378,ENGL,5,1
ENGL 379,ENGL 379,ENGL,5,1
ENGL 380,ENGL 380,ENGL,5,1
ENGL 381,ENGL 381,ENGL,5,1
ENGL 382,ENGL 382,ENGL,5,1
ENGL 384,ENGL 384,ENGL,5,1
ENGL 386,ENGL 386,ENGL,5,1
ENGL 387,ENGL 387,ENGL,5,1
ENGL 388,ENGL 388,ENGL,5,1
ENGL 390,ENGL 390,ENGL,5,1
ENGL 392,ENGL 392,ENGL,5,1
ENGL 393,ENGL 393,ENGL,5,1
ENGL 394,ENGL 394,ENGL,5,1
ENGL 395,ENGL 395,ENGL,5,1
ENGL 396,ENGL 396,ENGL,5,1
ENGL 397,ENGL 397,ENGL,5,1
ENGL 398,ENGL 398,ENGL,5,1
ENGL 399,ENGL 399,ENGL,5,1
ENPH 257,ENPH 257,ENPH,15,2
PHYS 109,PHYS 109,PHYS,3,3
PHYS 119,PHYS 119,PHYS,9,1
ENPH 270,ENPH 270,ENPH,1,3
ENPH 352,ENPH 352,ENPH,1,5
ENPH 353,ENPH 353,ENPH,2,4
ENPH 459,ENPH 459,ENPH,1,4
ENPH 479,ENPH 479,ENPH,1,5
ENPH 480,ENPH 480,ENPH,1,6
ENPH 481,ENPH 481,ENPH,1,5
ENST 312,ENST 312,ENST,8,1
GEOS 102,GEOS 102,GEOS,0,0
GEOS 204,GEOS 204,GEOS,0,0
GEOB 204,GEOB 204,GEOB,0,0
EOSC 112,EOSC 112,EOSC,0,0
ENST 313,ENST 313,ENST,1,1
GEOG 121,GEOG 121,GEOG,0,0
ENST 314,ENST 314,ENST,5,1
GEOG 211,GEOG 211,GEOG,0,0
GEOS 103,GEOS 103,GEOS,0,0
ENVE 200,ENVE 200,ENVE,1,0
ENVE 201,ENVE 201,ENVE,8,1
ENVE 202,ENVE 202,ENVE,5,4
ENVE 203,ENVE 203,ENVE,2,1
ENVE 301,ENVE 301,ENVE,2,5
ENVE 401,ENVE 401,ENVE,1,6
ENVR 301,ENVR 301,ENVR,1,1
ENVR 201,ENVR 201,ENVR,0,0
ENVR 302,ENVR 302,ENVR,0,0
ENVR 400,ENVR 400,ENVR,1,1
ENVR 401,ENVR 401,ENVR,2,1
ENVR 402,ENVR 402,ENVR,1,2
ENVR 420,ENVR 420,ENVR,4,1
GEOB 305,GEOB 305,GEOB,0,0
GEOS 305,GEOS 305,GEOS,7,3
EOSC 325,EOSC 325,EOSC,1,0
ENVR 430,ENVR 430,ENVR,2,1
ENVR 440,ENVR 440,ENVR,4,1
SCIE 220,SCIE 220,SCIE,0,0
ENVR 449,ENVR 449,ENVR,1,1
EOSC 110,EOSC 110,EOSC,0,0
EOSC 114,EOSC 114,EOSC,0,0
EOSC 116,EOSC 116,EOSC,0,0
EOSC 220,EOSC 220,EOSC,5,1
EOSC 221,EOSC 221,EOSC,2,2
EOSC 222,EOSC 222,EOSC,10,1
EOSC 111,EOSC 111,EOSC,0,0
EOSC 113,EOSC 113,EOSC,0,0
EOSC 115,EOSC 115,EOSC,0,0
EOSC 117,EOSC 117,EOSC,0,0
EOSC 118,EOSC 118,EOSC,0,0
EOSC 223,EOSC 223,EOSC,1,3
EOSC 240,EOSC 240,EOSC,2,4
EOSC 256,EOSC 256,EOSC,11,2
EOSC 270,EOSC 270,EOSC,6,1
EOSC 320,EOSC 320,EOSC,4,3
EOSC 321,EOSC 321,EOSC,1,3
EOSC 322,EOSC 322,EOSC,1,3
EOSC 323,EOSC 323,EOSC,4,4
EOSC 327,EOSC 327,EOSC,2,3
EOSC 328,EOSC 328,EOSC,4,5
EOSC 330,EOSC 330,EOSC,4,1
EOSC 331,EOSC 331,EOSC,1,3
EOSC 332,EOSC 332,EOSC,1,5
EOSC 333,EOSC 333,EOSC,1,3
EOSC 340,EOSC 340,EOSC,17,2
EOSC 350,EOSC 350,EOSC,2,3
EOSC 353,EOSC 353,EOSC,1,5
EOSC 354,EOSC 354,EOSC,11,2
EOSC 355,EOSC 355,EOSC,17,2
EOSC 372,EOSC 372,EOSC,17,2
EOSC 373,EOSC 373,EOSC,1,3
EOSC 410,EOSC 410,EOSC,9,3
EOSC 420,EOSC 420,EOSC,2,3
EOSC 421,EOSC 421,EOSC,1,4
EOSC 422,EOSC 422,EOSC,1,5
EOSC 424,EOSC 424,EOSC,1,4
EOSC 425,EOSC 425,EOSC,1,2
EOSC 426,EOSC 426,EOSC,9,1
EOSC 428,EOSC 428,EOSC,2,1
EOSC 429,EOSC 429,EOSC,2,1
EOSC 430,EOSC 430,EOSC,6,2
EOSC 431,EOSC 431,EOSC,1,2
EOSC 432,EOSC 432,EOSC,1,4
EOSC 433,EOSC 433,EOSC,3,5
MINE 303,MINE 303,MINE,3,4
EOSC 434,EOSC 434,EOSC,3,4
EOSC 442,EOSC 442,EOSC,11,3
EOSC 450,EOSC 450,EOSC,8,4
EOSC 453,EOSC 453,EOSC,3,4
EOSC 454,EOSC 454,EOSC,5,6
EOSC 470,EOSC 470,EOSC,2,3
EOSC 471,EOSC 471,EOSC,10,3
EOSC 472,EOSC 472,EOSC,1,4
EOSC 473,EOSC 473,EOSC,2,3
EPSE 316,EPSE 316,EPSE,2,1
EPSE 390,EPSE 390,EPSE,2,1
EPSE 404,EPSE 404,EPSE,2,1
EPSE 423,EPSE 423,EPSE,2,1
EPSE 306,EPSE 306,EPSE,0,0
EPSE 313,EPSE 313,EPSE,0,0
EPSE 431,EPSE 431,EPSE,1,2
EPSE 455,EPSE 455,EPSE,1,1
EPSE 425,EPSE 425,EPSE,1,0
EPSE 456,EPSE 456,EPSE,1,2
EPSE 481,EPSE 481,EPSE,1,1
EPSE 484,EPSE 484,EPSE,1,1
FIPR 330,FIPR 330,FIPR,1,1
FIPR 230,FIPR 230,FIPR,0,0
FIPR 333,FIPR 333,FIPR,4,1
FIPR 233,FIPR 233,FIPR,1,0
FIPR 337,FIPR 337,FIPR,2,0
FIPR 338,FIPR 338,FIPR,1,0
FIPR 433,FIPR 433,FIPR,2,1
FILM 333,FILM 333,FILM,0,0
FIPR 435,FIPR 435,FIPR,4,1
FIPR 234,FIPR 234,FIPR,1,0
FIPR 339,FIPR 339,FIPR,1,0
FIPR 437,FIPR 437,FIPR,2,1
FIPR 439,FIPR 439,FIPR,2,1
FMST 312,FMST 312,FMST,2,1
SOCI 200,SOCI 200,SOCI,0,0
FMST 210,FMST 210,FMST,0,0
FMST 314,FMST 314,FMST,5,1
PSYC 101,PSYC 101,PSYC,3,0
PSYC 102,PSYC 102,PSYC,3,0
SOCI 240,SOCI 240,SOCI,0,0
FMST 316,FMST 316,FMST,5,1
FNEL 102,FNEL 102,FNEL,1,1
FNEL 101,FNEL 101,FNEL,0,0
FNEL 112,FNEL 112,FNEL,1,1
FNEL 111,FNEL 111,FNEL,0,0
FNEL 122,FNEL 122,FNEL,1,1
FNEL 121,FNEL 121,FNEL,0,0
FNEL 132,FNEL 132,FNEL,1,1
FNEL 131,FNEL 131,FNEL,0,0
FNEL 142,FNEL 142,FNEL,1,1
FNEL 141,FNEL 141,FNEL,0,0
FNEL 152,FNEL 152,FNEL,1,1
FNEL 151,FNEL 151,FNEL,0,0
FNEL 162,FNEL 162,FNEL,1,1
FNEL 161,FNEL 161,FNEL,0,0
FNEL 192,FNEL 192,FNEL,0,0
FNEL 201,FNEL 201,FNEL,1,1
FNEL102,FNEL102,FNEL102,0,0
FNEL 202,FNEL 202,FNEL,1,2
FNEL 211,FNEL 211,FNEL,1,1
FNEL112,FNEL112,FNEL112,0,0
FNEL 212,FNEL 212,FNEL,1,2
FNEL 221,FNEL 221,FNEL,1,2
FNEL 222,FNEL 222,FNEL,1,3
FNEL 231,FNEL 231,FNEL,1,2
FNEL 232,FNEL 232,FNEL,1,3
FNEL 241,FNEL 241,FNEL,1,2
FNEL 242,FNEL 242,FNEL,1,3
FNEL 251,FNEL 251,FNEL,1,2
FNEL 252,FNEL 252,FNEL,1,3
FNEL 261,FNEL 261,FNEL,1,2
FNEL 262,FNEL 262,FNEL,1,3
FNEL 291,FNEL 291,FNEL,1,1
FNEL 292,FNEL 292,FNEL,1,2
FNEL 301,FNEL 301,FNEL,1,3
FNEL 302,FNEL 302,FNEL,1,4
FNEL 389,FNEL 389,FNEL,3,1
FNEL 281,FNEL 281,FNEL,2,0
FNEL 282,FNEL 282,FNEL,2,0
FNEL 481,FNEL 481,FNEL,3,1
FNEL 180,FNEL 180,FNEL,0,0
FNEL 482,FNEL 482,FNEL,3,2
FNH 160,FNH 160,FNH,9,1
CHEM 11,CHEM 11,CHEM,0,0
ATPH 12,ATPH 12,ATPH,0,0
FNH 161,FNH 161,FNH,4,2
FNH 200,FNH 200,FNH,0,0
FNH 250,FNH 250,FNH,6,1
KIN 131,KIN 131,KIN,0,0
KIN 132,KIN 132,KIN,0,0
FNH 301,FNH 301,FNH,5,3
CHEM 201,CHEM 201,CHEM,0,0
FNH 302,FNH 302,FNH,5,3
FNH 303,FNH 303,FNH,6,1
FNH 309,FNH 309,FNH,11,1
FNH 313,FNH 313,FNH,2,2
FNH 325,FNH 325,FNH,4,4
FNH 326,FNH 326,FNH,4,5
FNH 330,FNH 330,FNH,0,0
FNH 335,FNH 335,FNH,1,1
FNH 340,FNH 340,FNH,6,2
FNH 341,FNH 341,FNH,1,3
FNH 345,FNH 345,FNH,1,3
FNH 370,FNH 370,FNH,1,2
FNH 350,FNH 350,FNH,3,4
FNH 351,FNH 351,FNH,3,4
FNH 371,FNH 371,FNH,1,2
FNH 375,FNH 375,FNH,4,5
FNH 380,FNH 380,FNH,0,0
FNH 381,FNH 381,FNH,2,6
FNH 398,FNH 398,FNH,6,2
FNH 402,FNH 402,FNH,1,4
FNH 403,FNH 403,FNH,4,2
FNH 404,FNH 404,FNH,1,3
FNH 405,FNH 405,FNH,5,3
MICB 201,MICB 201,MICB,3,2
MICB 202,MICB 202,MICB,5,2
FNH 413,FNH 413,FNH,4,3
FNH 414,FNH 414,FNH,2,2
FNH 419,FNH 419,FNH,1,3
FNH 425,FNH 425,FNH,2,6
FNH 430,FNH 430,FNH,4,2
MICB 325,MICB 325,MICB,5,3
FNH 436,FNH 436,FNH,1,2
FNH 440,FNH 440,FNH,1,3
FNH 451,FNH 451,FNH,5,5
FNH 454,FNH 454,FNH,1,5
FNH 455,FNH 455,FNH,1,1
FNH 355,FNH 355,FNH,0,0
FNH 470,FNH 470,FNH,2,6
FNH 472,FNH 472,FNH,1,5
FNH 473,FNH 473,FNH,1,2
FNH 474,FNH 474,FNH,2,5
FNH 475,FNH 475,FNH,2,7
FNH 477,FNH 477,FNH,1,3
FNH 480,FNH 480,FNH,2,7
FNH 481,FNH 481,FNH,3,8
FNH 482,FNH 482,FNH,1,9
FNH 483,FNH 483,FNH,1,10
FNIS 210,FNIS 210,FNIS,0,0
FNIS 220,FNIS 220,FNIS,0,0
FNIS 300,FNIS 300,FNIS,5,1
FNSP 200,FNSP 200,FNSP,0,0
FNSP 210,FNSP 210,FNSP,0,0
FNSP 220,FNSP 220,FNSP,0,0
FNIS 310,FNIS 310,FNIS,5,1
FNIS 320,FNIS 320,FNIS,2,1
FNSP 310,FNSP 310,FNSP,0,0
FNIS 360,FNIS 360,FNIS,5,1
FNIS 400,FNIS 400,FNIS,4,1
FNSP 320,FNSP 320,FNSP,0,0
FNIS 401,FNIS 401,FNIS,6,1
FNIS 100,FNIS 100,FNIS,0,0
FNIS 451,FNIS 451,FNIS,6,1
FNIS 452,FNIS 452,FNIS,6,1
FNIS 453,FNIS 453,FNIS,6,1
FNIS 454,FNIS 454,FNIS,6,1
FNIS 455,FNIS 455,FNIS,6,1
FNIS 456,FNIS 456,FNIS,6,1
FOPR 262,FOPR 262,FOPR,2,1
FOPR 261,FOPR 261,FOPR,0,0
FOPR 362,FOPR 362,FOPR,2,2
FRST 318,FRST 318,FRST,2,1
FOPR 388,FOPR 388,FOPR,1,2
FOPR 459,FOPR 459,FOPR,1,2
FOPR 464,FOPR 464,FOPR,1,3
FREN 102,FREN 102,FREN,1,1
FREN 101,FREN 101,FREN,0,0
FREN 201,FREN 201,FREN,2,1
FREN 11,FREN 11,FREN,0,0
FREN 202,FREN 202,FREN,2,1
FREN 111,FREN 111,FREN,0,0
FREN 301,FREN 301,FREN,3,1
FREN 12,FREN 12,FREN,0,0
FREN 112,FREN 112,FREN,0,0
FREN 302,FREN 302,FREN,2,1
FREN 122,FREN 122,FREN,0,0
FREN 311,FREN 311,FREN,2,1
FREN 123,FREN 123,FREN,0,0
FREN 321,FREN 321,FREN,3,1
FREN 220,FREN 220,FREN,0,0
FREN 221,FREN 221,FREN,0,0
FREN 330,FREN 330,FREN,5,1
FREN 224,FREN 224,FREN,0,0
FREN 401,FREN 401,FREN,2,1
FREN 331,FREN 331,FREN,3,2
FREN 341,FREN 341,FREN,3,2
FREN 344,FREN 344,FREN,2,1
FREN 215,FREN 215,FREN,0,0
FREN 225,FREN 225,FREN,0,0
FREN 346,FREN 346,FREN,2,1
FREN 352,FREN 352,FREN,2,1
FREN 353,FREN 353,FREN,2,1
FREN 223,FREN 223,FREN,0,0
FREN 357,FREN 357,FREN,3,2
FREN 402,FREN 402,FREN,2,1
FREN 370,FREN 370,FREN,6,1
FREN 407,FREN 407,FREN,5,1
FREN 328,FREN 328,FREN,0,0
FREN 329,FREN 329,FREN,0,0
FREN 408,FREN 408,FREN,5,1
FREN 409,FREN 409,FREN,5,1
FREN 410,FREN 410,FREN,5,1
FREN 413,FREN 413,FREN,5,1
FREN 414,FREN 414,FREN,5,1
FREN 415,FREN 415,FREN,5,1
FREN 416,FREN 416,FREN,5,1
FREN 417,FREN 417,FREN,5,1
FREN 418,FREN 418,FREN,5,1
FREN 419,FREN 419,FREN,5,1
FREN 420,FREN 420,FREN,5,1
FREN 427,FREN 427,FREN,5,1
FREN 428,FREN 428,FREN,5,1
FREN 430,FREN 430,FREN,5,1
FREN 440,FREN 440,FREN,5,1
FREN 441,FREN 441,FREN,5,1
FREN 442,FREN 442,FREN,5,1
FREN 443,FREN 443,FREN,5,1
FREN 450,FREN 450,FREN,6,1
FREN 451,FREN 451,FREN,3,2
FREN 455,FREN 455,FREN,3,2
FREN 457,FREN 457,FREN,1,3
FREN 460,FREN 460,FREN,3,2
FREN 470,FREN 470,FREN,2,2
FREN 472,FREN 472,FREN,2,2
FREN 474,FREN 474,FREN,2,2
FREN 476,FREN 476,FREN,5,1
FREN 480,FREN 480,FREN,5,1
FREN 484,FREN 484,FREN,5,1
FREN 485,FREN 485,FREN,5,1
FREN 495,FREN 495,FREN,5,1
FREN 496,FREN 496,FREN,2,2
FRE 290,FRE 290,FRE,2,1
FRE 295,FRE 295,FRE,3,2
FRE 302,FRE 302,FRE,2,1
FRE 306,FRE 306,FRE,2,1
FRE 326,FRE 326,FRE,3,2
FRE 340,FRE 340,FRE,2,1
FRE 374,FRE 374,FRE,2,1
FRE 385,FRE 385,FRE,6,2
FRE 394,FRE 394,FRE,2,2
FRE 402,FRE 402,FRE,2,1
FRE 420,FRE 420,FRE,2,1
FRE 460,FRE 460,FRE,2,1
FRE 474,FRE 474,FRE,8,1
FRE 490,FRE 490,FRE,2,1
FRST 200,FRST 200,FRST,3,2
FRST 202,FRST 202,FRST,1,3
FRST 203,FRST 203,FRST,1,4
MATH 190,MATH 190,MATH,1,0
FRST 239,FRST 239,FRST,2,2
FRST 232,FRST 232,FRST,0,0
FRST 305,FRST 305,FRST,4,4
FRST 350,FRST 350,FRST,1,4
FRST 351,FRST 351,FRST,1,4
UFOR 400,UFOR 400,UFOR,1,1
FRST 307,FRST 307,FRST,2,5
FRST 310,FRST 310,FRST,1,2
FRST 319,FRST 319,FRST,2,1
FRST 320,FRST 320,FRST,2,5
FRST 339,FRST 339,FRST,1,3
FRST 385,FRST 385,FRST,0,0
FRST 403,FRST 403,FRST,1,4
FRST 404,FRST 404,FRST,1,5
FRST 408,FRST 408,FRST,3,3
FRST 413,FRST 413,FRST,6,4
FRST 422,FRST 422,FRST,0,0
FRST 423,FRST 423,FRST,1,1
FRST 430,FRST 430,FRST,4,2
FRST 399,FRST 399,FRST,0,0
FRST 436,FRST 436,FRST,1,4
FRST 444,FRST 444,FRST,2,1
FRST 485,FRST 485,FRST,1,1
FRST 495,FRST 495,FRST,2,4
FSCT 398,FSCT 398,FSCT,0,0
FSCT 399,FSCT 399,FSCT,1,1
FSCT 498,FSCT 498,FSCT,1,2
FSCT 499,FSCT 499,FSCT,1,3
GEOG 312,GEOG 312,GEOG,8,1
GEOG 313,GEOG 313,GEOG,1,1
GEOG 314,GEOG 314,GEOG,5,1
GEOG 316,GEOG 316,GEOG,4,1
GEOG 318,GEOG 318,GEOG,1,1
GEOG 310,GEOG 310,GEOG,0,0
GEOG 361,GEOG 361,GEOG,1,1
GEOG 122,GEOG 122,GEOG,0,0
GEOG 362,GEOG 362,GEOG,2,1
GEOG 260,GEOG 260,GEOG,0,0
GEOG 364,GEOG 364,GEOG,2,1
GEOG 402,GEOG 402,GEOG,1,2
GEOG 410,GEOG 410,GEOG,1,1
GEOG 412,GEOG 412,GEOG,1,1
GEOG 432,GEOG 432,GEOG,1,1
GEOG 451,GEOG 451,GEOG,5,1
GEOG 250,GEOG 250,GEOG,0,0
URST 200,URST 200,URST,0,0
PLAN 211,PLAN 211,PLAN,0,0
PLAN 231,PLAN 231,PLAN,0,0
GEOG 371,GEOG 371,GEOG,0,0
GEOG 457,GEOG 457,GEOG,2,1
GEOG 350,GEOG 350,GEOG,0,0
GEOG 357,GEOG 357,GEOG,0,0
GEOG 461,GEOG 461,GEOG,2,2
GEOG 495,GEOG 495,GEOG,2,1
LAST 100,LAST 100,LAST,0,0
GEOG 395,GEOG 395,GEOG,0,0
GEOS 206,GEOS 206,GEOS,8,1
GEOS 303,GEOS 303,GEOS,4,1
APBI 244,APBI 244,APBI,0,0
GEOS 306,GEOS 306,GEOS,11,1
GEOS 307,GEOS 307,GEOS,4,1
GEOS 308,GEOS 308,GEOS,4,1
GEOB 206,GEOB 206,GEOB,1,0
GEOS 309,GEOS 309,GEOS,10,1
GEOS 370,GEOS 370,GEOS,2,1
GEOS 270,GEOS 270,GEOS,0,0
GEOS 372,GEOS 372,GEOS,4,1
GEOS 373,GEOS 373,GEOS,2,1
GEOS 400,GEOS 400,GEOS,6,2
GEOS 401,GEOS 401,GEOS,6,1
AGRO 244,AGRO 244,AGRO,0,0
GEOS 402,GEOS 402,GEOS,4,1
GEOS 403,GEOS 403,GEOS,10,2
GEOS 405,GEOS 405,GEOS,4,1
GEOS 406,GEOS 406,GEOS,3,1
GEOS 407,GEOS 407,GEOS,4,1
GEOS 408,GEOS 408,GEOS,10,2
GEOB 308,GEOB 308,GEOB,0,0
GEOS 409,GEOS 409,GEOS,2,1
GEOB 309,GEOB 309,GEOB,0,0
GEOS 415,GEOS 415,GEOS,10,1
GEOB 405,GEOB 405,GEOB,0,0
GEOB 406,GEOB 406,GEOB,0,0
GEOS 472,GEOS 472,GEOS,4,1
GEOB 372,GEOB 372,GEOB,0,0
GEOS 479,GEOS 479,GEOS,2,1
GEOB 370,GEOB 370,GEOB,0,0
GERM 110,GERM 110,GERM,1,1
GERM 100,GERM 100,GERM,0,0
GERM 112,GERM 112,GERM,1,1
GERM 200,GERM 200,GERM,2,1
GERM 12,GERM 12,GERM,0,0
GERM 210,GERM 210,GERM,1,2
GERM 300,GERM 300,GERM,1,3
GERM 310,GERM 310,GERM,1,4
GERM 313,GERM 313,GERM,1,3
GERM 314,GERM 314,GERM,1,3
GERM 318,GERM 318,GERM,1,3
GERM 325,GERM 325,GERM,1,3
GERM 400,GERM 400,GERM,1,5
GERM 410,GERM 410,GERM,1,6
GERM 414,GERM 414,GERM,1,4
GERM 420,GERM 420,GERM,1,10
GERM 425,GERM 425,GERM,2,5
GERM 434,GERM 434,GERM,1,1
GERM 433,GERM 433,GERM,0,0
GREK 102,GREK 102,GREK,1,1
GREK 101,GREK 101,GREK,0,0
GREK 201,GREK 201,GREK,1,2
GREK 202,GREK 202,GREK,1,3
GREK 351,GREK 351,GREK,4,4
GREK 352,GREK 352,GREK,4,4
GREK 401,GREK 401,GREK,2,5
GREK 402,GREK 402,GREK,2,5
GREK 403,GREK 403,GREK,2,5
GRSJ 200,GRSJ 200,GRSJ,1,1
GRSJ 301,GRSJ 301,GRSJ,2,1
GRSJ 102,GRSJ 102,GRSJ,0,0
GRSJ 302,GRSJ 302,GRSJ,4,1
WMST 101,WMST 101,WMST,0,0
WMST 102,WMST 102,WMST,0,0
GRSJ 303,GRSJ 303,GRSJ,4,1
GRSJ 305,GRSJ 305,GRSJ,4,1
GRSJ 306,GRSJ 306,GRSJ,4,1
GRSJ 307,GRSJ 307,GRSJ,4,1
GRSJ 308,GRSJ 308,GRSJ,2,1
GRSJ 310,GRSJ 310,GRSJ,4,1
GRSJ 311,GRSJ 311,GRSJ,4,1
GRSJ 320,GRSJ 320,GRSJ,4,1
GRSJ 325,GRSJ 325,GRSJ,2,1
GRSJ 326,GRSJ 326,GRSJ,2,1
GRSJ 327,GRSJ 327,GRSJ,4,1
GRSJ 328,GRSJ 328,GRSJ,4,1
GRSJ 401,GRSJ 401,GRSJ,4,1
GRSJ 410,GRSJ 410,GRSJ,2,1
GRSJ 422,GRSJ 422,GRSJ,4,1
GRSJ 425,GRSJ 425,GRSJ,4,1
GRSJ 480,GRSJ 480,GRSJ,2,1
GRS 290,GRS 290,GRS,0,0
GRS 300,GRS 300,GRS,5,2
GRS 390,GRS 390,GRS,1,1
GRS 490,GRS 490,GRS,1,2
GRS 497,GRS 497,GRS,1,1
GRS 397,GRS 397,GRS,0,0
HEBR 102,HEBR 102,HEBR,1,1
HEBR 101,HEBR 101,HEBR,0,0
HEBR 201,HEBR 201,HEBR,1,2
HEBR 202,HEBR 202,HEBR,1,3
HEBR 479,HEBR 479,HEBR,1,4
HGSE 310,HGSE 310,HGSE,4,46
HGSE 311,HGSE 311,HGSE,4,47
HGSE 312,HGSE 312,HGSE,4,48
HGSE 313,HGSE 313,HGSE,4,49
HGSE 314,HGSE 314,HGSE,4,50
HGSE 351,HGSE 351,HGSE,4,37
HGSE 350,HGSE 350,HGSE,4,0
HGSE 352,HGSE 352,HGSE,4,38
HGSE 353,HGSE 353,HGSE,4,39
HGSE 354,HGSE 354,HGSE,4,40
HGSE 355,HGSE 355,HGSE,4,37
HGSE 356,HGSE 356,HGSE,4,38
HGSE 357,HGSE 357,HGSE,4,39
HGSE 358,HGSE 358,HGSE,4,40
HGSE 359,HGSE 359,HGSE,4,0
HGSE 362,HGSE 362,HGSE,4,28
HGSE 360,HGSE 360,HGSE,3,0
HGSE 361,HGSE 361,HGSE,3,0
HGSE 363,HGSE 363,HGSE,4,29
HGSE 364,HGSE 364,HGSE,4,30
HGSE 371,HGSE 371,HGSE,4,28
HGSE 370,HGSE 370,HGSE,3,0
HGSE 372,HGSE 372,HGSE,3,0
HGSE 373,HGSE 373,HGSE,4,29
HGSE 374,HGSE 374,HGSE,4,30
HGSE 380,HGSE 380,HGSE,4,37
HGSE 381,HGSE 381,HGSE,4,38
HGSE 382,HGSE 382,HGSE,4,39
HGSE 383,HGSE 383,HGSE,4,39
HGSE 384,HGSE 384,HGSE,4,40
HINU 101,HINU 101,HINU,1,1
HINU 100,HINU 100,HINU,0,0
HINU 200,HINU 200,HINU,2,1
HINU 102,HINU 102,HINU,0,0
HINU 201,HINU 201,HINU,1,2
HINU 202,HINU 202,HINU,1,3
HINU 300,HINU 300,HINU,3,2
HINU 301,HINU 301,HINU,1,4
HINU 302,HINU 302,HINU,1,5
HINU 305,HINU 305,HINU,2,3
HINU 400,HINU 400,HINU,2,3
HINU 450,HINU 450,HINU,1,2
IGEN 201,IGEN 201,IGEN,8,1
IGEN 230,IGEN 230,IGEN,1,0
IGEN 450,IGEN 450,IGEN,6,3
IGEN 451,IGEN 451,IGEN,6,3
IGEN 452,IGEN 452,IGEN,1,4
ILS 106,ILS 106,ILS,2,1
ILS 100,ILS 100,ILS,0,0
ILS 101,ILS 101,ILS,0,0
ILS 107,ILS 107,ILS,1,1
ILS 102,ILS 102,ILS,0,0
ILS 200,ILS 200,ILS,1,1
ILS 201,ILS 201,ILS,2,2
ILS 204,ILS 204,ILS,1,3
ILS 300,ILS 300,ILS,2,2
ILS 302,ILS 302,ILS,1,1
ILS 303,ILS 303,ILS,2,4
ILS 304,ILS 304,ILS,1,3
ILS 306,ILS 306,ILS,2,19
ILS 305,ILS 305,ILS,2,0
ILS 307,ILS 307,ILS,2,20
ILS 400,ILS 400,ILS,1,1
ILS 203,ILS 203,ILS,0,0
ILS 402,ILS 402,ILS,3,3
ILS 403,ILS 403,ILS,1,4
INDO 101,INDO 101,INDO,1,1
INDO 100,INDO 100,INDO,0,0
INDO 200,INDO 200,INDO,2,1
INDO 102,INDO 102,INDO,0,0
INDO 201,INDO 201,INDO,1,2
INDO 202,INDO 202,INDO,1,3
INFO 300,INFO 300,INFO,1,1
INFO 200,INFO 200,INFO,0,0
INFO 304,INFO 304,INFO,1,1
INFO 100,INFO 100,INFO,0,0
INFO 419,INFO 419,INFO,1,1
INFO 250,INFO 250,INFO,0,0
INFO 456,INFO 456,INFO,1,1
INLB 310,INLB 310,INLB,1,1
INLB 210,INLB 210,INLB,0,0
INLB 320,INLB 320,INLB,1,1
INLB 220,INLB 220,INLB,0,0
ISCI 360,ISCI 360,ISCI,0,0
ISCI 361,ISCI 361,ISCI,1,1
ISCI 398,ISCI 398,ISCI,0,0
ISCI 399,ISCI 399,ISCI,1,1
ISCI 461,ISCI 461,ISCI,1,2
ISCI 498,ISCI 498,ISCI,1,2
ISCI 499,ISCI 499,ISCI,1,3
ITAL 102,ITAL 102,ITAL,1,1
ITAL 101,ITAL 101,ITAL,0,0
ITAL 104,ITAL 104,ITAL,1,1
ITAL 201,ITAL 201,ITAL,1,2
ITAL 202,ITAL 202,ITAL,1,3
ITAL 206,ITAL 206,ITAL,1,3
ITAL 301,ITAL 301,ITAL,3,1
ITAL 203,ITAL 203,ITAL,0,0
ITAL 302,ITAL 302,ITAL,1,2
ITAL 322,ITAL 322,ITAL,1,2
ITAL 325,ITAL 325,ITAL,1,4
ITAL 401,ITAL 401,ITAL,1,3
ITAL 402,ITAL 402,ITAL,1,4
JAPN 101,JAPN 101,JAPN,1,1
JAPN 100,JAPN 100,JAPN,0,0
JAPN 200,JAPN 200,JAPN,3,1
JAPN 150,JAPN 150,JAPN,0,0
JAPN 160,JAPN 160,JAPN,0,0
JAPN 102,JAPN 102,JAPN,0,0
JAPN 320,JAPN 320,JAPN,4,1
JAPN 321,JAPN 321,JAPN,2,1
JAPN 210,JAPN 210,JAPN,0,0
JAPN 322,JAPN 322,JAPN,4,1
JAPN 211,JAPN 211,JAPN,0,0
JAPN 250,JAPN 250,JAPN,0,0
JAPN 360,JAPN 360,JAPN,4,1
JAPN 212,JAPN 212,JAPN,0,0
JAPN 400,JAPN 400,JAPN,4,1
JAPN 401,JAPN 401,JAPN,2,1
JAPN 300,JAPN 300,JAPN,0,0
JAPN 402,JAPN 402,JAPN,4,1
JAPN 403,JAPN 403,JAPN,2,1
JAPN 302,JAPN 302,JAPN,0,0
JAPN 423,JAPN 423,JAPN,2,1
JAPN 311,JAPN 311,JAPN,0,0
JAPN 422,JAPN 422,JAPN,0,0
JAPN 424,JAPN 424,JAPN,4,1
JAPN 425,JAPN 425,JAPN,2,1
JAPN 314,JAPN 314,JAPN,0,0
JAPN 450,JAPN 450,JAPN,6,1
JAPN 451,JAPN 451,JAPN,2,1
JAPN 410,JAPN 410,JAPN,0,0
JAPN 452,JAPN 452,JAPN,2,1
JAPN 301,JAPN 301,JAPN,0,0
JAPN 453,JAPN 453,JAPN,2,1
JAPN 456,JAPN 456,JAPN,6,1
JAPN 457,JAPN 457,JAPN,2,1
JAPN 416,JAPN 416,JAPN,0,0
JAPN 459,JAPN 459,JAPN,2,1
JAPN 460,JAPN 460,JAPN,4,1
JAPN 303,JAPN 303,JAPN,0,0
JAPN 461,JAPN 461,JAPN,2,1
JAPN 420,JAPN 420,JAPN,0,0
JAPN 465,JAPN 465,JAPN,4,2
KIN 232,KIN 232,KIN,2,1
KIN 235,KIN 235,KIN,2,1
KIN 310,KIN 310,KIN,0,0
KIN 311,KIN 311,KIN,0,0
KIN 313,KIN 313,KIN,0,0
KIN 316,KIN 316,KIN,0,0
KIN 335,KIN 335,KIN,0,0
KIN 341,KIN 341,KIN,2,1
KIN 140,KIN 140,KIN,0,0
KIN 284,KIN 284,KIN,0,0
KIN 342,KIN 342,KIN,2,1
KIN 355,KIN 355,KIN,2,1
KIN 411,KIN 411,KIN,0,0
KIN 419,KIN 419,KIN,0,0
KIN 432,KIN 432,KIN,3,2
KIN 438,KIN 438,KIN,1,1
KIN 444,KIN 444,KIN,2,1
KIN 478,KIN 478,KIN,1,2
KIN 482,KIN 482,KIN,6,1
KORN 101,KORN 101,KORN,1,1
KORN 100,KORN 100,KORN,0,0
KORN 102,KORN 102,KORN,0,0
KORN 201,KORN 201,KORN,1,2
KORN 202,KORN 202,KORN,1,3
KORN 410,KORN 410,KORN,3,3
KORN 411,KORN 411,KORN,1,3
KORN 415,KORN 415,KORN,1,3
KORN 420,KORN 420,KORN,1,4
KORN 440,KORN 440,KORN,1,4
LARC 415,LARC 415,LARC,1,4
UFOR 316,UFOR 316,UFOR,1,3
LASO 309,LASO 309,LASO,1,1
LASO 204,LASO 204,LASO,0,0
LASO 350,LASO 350,LASO,1,1
LATN 102,LATN 102,LATN,1,1
LATN 101,LATN 101,LATN,0,0
LATN 201,LATN 201,LATN,1,2
LATN 202,LATN 202,LATN,1,3
LATN 350,LATN 350,LATN,5,1
LATN 200,LATN 200,LATN,0,0
LATN 351,LATN 351,LATN,5,1
LATN 401,LATN 401,LATN,2,2
LATN 402,LATN 402,LATN,2,2
LATN 403,LATN 403,LATN,2,2
LAW 380,LAW 380,LAW,1,1
LAW 379,LAW 379,LAW,1,0
LAW 427,LAW 427,LAW,1,19
LAW 428,LAW 428,LAW,1,20
LAW 466,LAW 466,LAW,3,1
LAW 407,LAW 407,LAW,0,0
LAW 459,LAW 459,LAW,0,0
LAW 463,LAW 463,LAW,0,0
LAW 470,LAW 470,LAW,2,1
LAW 471,LAW 471,LAW,1,0
LAW 476,LAW 476,LAW,1,0
LAW 488,LAW 488,LAW,1,1
LFS 350,LFS 350,LFS,1,1
LFS 250,LFS 250,LFS,0,0
LFS 398,LFS 398,LFS,0,0
LFS 399,LFS 399,LFS,1,1
LFS 498,LFS 498,LFS,1,2
LFS 499,LFS 499,LFS,1,3
LING 242,LING 242,LING,8,1
LING 101,LING 101,LING,0,0
LING 140,LING 140,LING,0,0
LING 170,LING 170,LING,0,0
LING 201,LING 201,LING,0,0
LING 270,LING 270,LING,4,1
LING 300,LING 300,LING,1,1
LING 311,LING 311,LING,1,1
LING 313,LING 313,LING,1,1
LING 314,LING 314,LING,1,1
LING 319,LING 319,LING,2,1
LING 327,LING 327,LING,1,1
LING 333,LING 333,LING,2,1
LING 342,LING 342,LING,8,2
LING 345,LING 345,LING,3,1
PHIL 220,PHIL 220,PHIL,0,0
LING 405,LING 405,LING,2,2
LING 410,LING 410,LING,1,2
LING 415,LING 415,LING,5,2
LING 445,LING 445,LING,2,1
LING 421,LING 421,LING,1,2
LING 425,LING 425,LING,2,1
LING 431,LING 431,LING,2,2
LING 432,LING 432,LING,1,3
LING 440,LING 440,LING,2,1
LING 451,LING 451,LING,2,2
LING 222,LING 222,LING,0,0
LING 452,LING 452,LING,2,2
LLED 310,LLED 310,LLED,2,1
EDUC 310,EDUC 310,EDUC,1,0
LLED 320,LLED 320,LLED,1,2
LLED 324,LLED 324,LLED,1,1
French 12,French 12,French,0,0
LLED 428,LLED 428,LLED,3,1
FREN 222,FREN 222,FREN,0,0
LLED 439,LLED 439,LLED,1,1
LLED 314,LLED 314,LLED,0,0
LLED 478,LLED 478,LLED,1,1
LLED 315,LLED 315,LLED,0,0
MANU 201,MANU 201,MANU,7,1
MANU 261,MANU 261,MANU,4,4
MANU 265,MANU 265,MANU,5,4
MANU 330,MANU 330,MANU,2,1
MANU 230,MANU 230,MANU,0,0
MANU 370,MANU 370,MANU,1,1
MANU 270,MANU 270,MANU,0,0
MANU 378,MANU 378,MANU,1,1
MANU 380,MANU 380,MANU,9,3
MTRL 264,MTRL 264,MTRL,0,0
MTRL 250,MTRL 250,MTRL,0,0
MANU 386,MANU 386,MANU,3,5
MANU 430,MANU 430,MANU,2,1
MANU 480,MANU 480,MANU,1,4
MANU 481,MANU 481,MANU,1,4
MANU 487,MANU 487,MANU,4,5
MECH 368,MECH 368,MECH,2,4
MATH 258,MATH 258,MATH,8,22
MATH 230,MATH 230,MATH,1,1
Principles of Mathematics 11,Principles of Mathematics 11,Principles,0,0
MECH 222,MECH 222,MECH,6,23
MECH 225,MECH 225,MECH,3,24
MECH 224,MECH 224,MECH,3,23
MATH 300,MATH 300,MATH,7,3
MATH 301,MATH 301,MATH,11,4
MATH 305,MATH 305,MATH,14,3
MATH 358,MATH 358,MATH,5,23
MECH 358,MECH 358,MECH,5,25
MATH 303,MATH 303,MATH,2,4
MATH 308,MATH 308,MATH,6,2
MATH 309,MATH 309,MATH,6,2
MATH 310,MATH 310,MATH,5,2
MATH 312,MATH 312,MATH,4,2
MATH 313,MATH 313,MATH,1,3
MATH 319,MATH 319,MATH,3,3
MATH 320,MATH 320,MATH,8,3
MATH 321,MATH 321,MATH,1,4
MATH 322,MATH 322,MATH,6,3
MATH 323,MATH 323,MATH,1,4
MATH 340,MATH 340,MATH,3,2
MATH 341,MATH 341,MATH,4,2
MATH 342,MATH 342,MATH,6,2
MATH 344,MATH 344,MATH,6,2
MATH 345,MATH 345,MATH,4,3
MATH 360,MATH 360,MATH,5,2
MATH 361,MATH 361,MATH,5,3
MATH 399,MATH 399,MATH,1,1
MATH 398,MATH 398,MATH,0,0
MATH 400,MATH 400,MATH,8,4
MATH 401,MATH 401,MATH,7,3
MATH 402,MATH 402,MATH,2,4
MATH 403,MATH 403,MATH,2,4
MATH 404,MATH 404,MATH,3,6
MATH 420,MATH 420,MATH,2,5
MATH 405,MATH 405,MATH,6,3
MATH 406,MATH 406,MATH,9,3
MATH 412,MATH 412,MATH,2,4
MATH 418,MATH 418,MATH,1,5
MATH 419,MATH 419,MATH,1,6
MATH 421,MATH 421,MATH,1,6
MATH 422,MATH 422,MATH,1,5
MATH 423,MATH 423,MATH,3,5
MATH 424,MATH 424,MATH,8,3
MATH 425,MATH 425,MATH,9,4
MATH 426,MATH 426,MATH,2,5
MATH 427,MATH 427,MATH,1,6
MATH 428,MATH 428,MATH,8,4
MATH 437,MATH 437,MATH,2,4
MATH 440,MATH 440,MATH,2,4
MATH 441,MATH 441,MATH,1,3
MATH 442,MATH 442,MATH,4,3
MATH 443,MATH 443,MATH,4,2
MATH 444,MATH 444,MATH,2,3
MATH 450,MATH 450,MATH,1,5
MATH 462,MATH 462,MATH,2,4
MATH 498,MATH 498,MATH,1,2
MATH 499,MATH 499,MATH,1,3
MDIA 350,MDIA 350,MDIA,1,1
MDIA 290,MDIA 290,MDIA,0,0
MDIA 450,MDIA 450,MDIA,1,2
MDIA 490,MDIA 490,MDIA,1,2
MECH 220,MECH 220,MECH,15,21
APSC 150,APSC 150,APSC,0,0
APSC 151,APSC 151,APSC,0,0
MECH 223,MECH 223,MECH,4,24
MECH 226,MECH 226,MECH,9,25
MECH 227,MECH 227,MECH,4,22
MECH 230,MECH 230,MECH,14,23
MECH 231,MECH 231,MECH,1,24
MECH 232,MECH 232,MECH,14,23
MECH 233,MECH 233,MECH,1,24
MECH 234,MECH 234,MECH,1,24
MECH 235,MECH 235,MECH,1,25
APSC 180,APSC 180,APSC,0,0
MECH 305,MECH 305,MECH,4,25
MECH 306,MECH 306,MECH,4,25
MECH 325,MECH 325,MECH,3,4
MECH 327,MECH 327,MECH,7,4
MECH 328,MECH 328,MECH,1,25
MECH 329,MECH 329,MECH,3,3
MECH 366,MECH 366,MECH,5,25
MECH 375,MECH 375,MECH,7,4
MECH 380,MECH 380,MECH,8,4
MECH 386,MECH 386,MECH,1,5
MECH 420,MECH 420,MECH,6,26
MECH 463,MECH 463,MECH,2,3
EECE 376,EECE 376,EECE,0,0
MECH 421,MECH 421,MECH,2,27
MECH 422,MECH 422,MECH,6,4
EECE 363,EECE 363,EECE,0,0
EECE 365,EECE 365,EECE,0,0
MECH 423,MECH 423,MECH,4,26
MECH 426,MECH 426,MECH,5,4
MECH 433,MECH 433,MECH,6,4
MECH 435,MECH 435,MECH,3,3
MECH 436,MECH 436,MECH,3,6
MECH 445,MECH 445,MECH,2,5
MECH 453,MECH 453,MECH,3,26
MECH 454,MECH 454,MECH,4,26
MECH 457,MECH 457,MECH,6,26
MECH 458,MECH 458,MECH,3,26
MECH 459,MECH 459,MECH,4,26
MECH 460,MECH 460,MECH,1,4
MECH 462,MECH 462,MECH,3,4
MECH 464,MECH 464,MECH,2,5
MECH 466,MECH 466,MECH,13,4
MECH 467,MECH 467,MECH,3,6
EECE 251,EECE 251,EECE,0,0
EECE 253,EECE 253,EECE,0,0
MECH 468,MECH 468,MECH,2,5
MECH 470,MECH 470,MECH,2,5
MECH 473,MECH 473,MECH,1,5
MECH 477,MECH 477,MECH,3,5
MECH 478,MECH 478,MECH,1,5
MECH 479,MECH 479,MECH,1,5
MECH 481,MECH 481,MECH,2,5
MECH 484,MECH 484,MECH,1,6
MECH 488,MECH 488,MECH,2,5
MECH 489,MECH 489,MECH,2,5
MECH 491,MECH 491,MECH,2,1
MECH 392,MECH 392,MECH,1,0
MECH 497,MECH 497,MECH,1,0
MECH 498,MECH 498,MECH,1,1
MEDG 410,MEDG 410,MEDG,3,4
MICB 302,MICB 302,MICB,2,3
BIOL 334,BIOL 334,BIOL,0,0
MEDG 419,MEDG 419,MEDG,4,3
MEDG 420,MEDG 420,MEDG,2,2
MEDG 421,MEDG 421,MEDG,3,5
MES 450,MES 450,MES,1,1
MES 300,MES 300,MES,0,0
MICB 203,MICB 203,MICB,2,2
MICB 211,MICB 211,MICB,5,2
MICB 212,MICB 212,MICB,4,2
MICB 301,MICB 301,MICB,6,1
MICB 306,MICB 306,MICB,3,1
MICB 308,MICB 308,MICB,6,1
MICB 323,MICB 323,MICB,1,5
MICB 353,MICB 353,MICB,4,2
MICB 398,MICB 398,MICB,5,1
MICB 399,MICB 399,MICB,1,2
MICB 401,MICB 401,MICB,2,5
MICB 402,MICB 402,MICB,5,2
MICB 404,MICB 404,MICB,3,4
MICB 408,MICB 408,MICB,1,2
MICB 405,MICB 405,MICB,6,1
MICB 406,MICB 406,MICB,1,2
MICB 407,MICB 407,MICB,1,2
MICB 412,MICB 412,MICB,3,4
MICB 413,MICB 413,MICB,5,1
MICB 418,MICB 418,MICB,3,1
MICB 421,MICB 421,MICB,2,1
MICB 425,MICB 425,MICB,3,1
MICB 447,MICB 447,MICB,4,1
MICB 448,MICB 448,MICB,3,5
MICB 449,MICB 449,MICB,3,5
MICB 471,MICB 471,MICB,1,6
MICB 475,MICB 475,MICB,3,5
MICB 498,MICB 498,MICB,2,1
MICB 499,MICB 499,MICB,1,2
MIDW 310,MIDW 310,MIDW,1,1
MIDW 115,MIDW 115,MIDW,0,0
MIDW 360,MIDW 360,MIDW,1,1
MIDW 240,MIDW 240,MIDW,0,0
MIDW 370,MIDW 370,MIDW,1,2
MINE 201,MINE 201,MINE,1,1
MINE 200,MINE 200,MINE,0,0
MINE 292,MINE 292,MINE,1,1
MINE 224,MINE 224,MINE,0,0
MINE 302,MINE 302,MINE,1,1
MINE 291,MINE 291,MINE,0,0
MINE 304,MINE 304,MINE,1,1
MINE 310,MINE 310,MINE,2,2
MINE 331,MINE 331,MINE,0,0
MINE 333,MINE 333,MINE,0,0
MINE 350,MINE 350,MINE,1,3
MINE 380,MINE 380,MINE,1,4
MINE 395,MINE 395,MINE,3,3
MINE 396,MINE 396,MINE,0,0
MINE 402,MINE 402,MINE,1,1
MINE 403,MINE 403,MINE,2,1
MINE 305,MINE 305,MINE,0,0
MINE 406,MINE 406,MINE,1,1
MINE 420,MINE 420,MINE,1,3
MINE 434,MINE 434,MINE,1,1
MINE 435,MINE 435,MINE,1,1
MINE 436,MINE 436,MINE,3,4
MINE 438,MINE 438,MINE,1,1
MINE 455,MINE 455,MINE,2,1
MINE 462,MINE 462,MINE,2,2
MINE 465,MINE 465,MINE,2,2
MINE 485,MINE 485,MINE,3,5
MINE 488,MINE 488,MINE,1,3
MINE 491,MINE 491,MINE,8,5
MRNE 435,MRNE 435,MRNE,2,3
MTRL 201,MTRL 201,MTRL,8,1
MTRL 280,MTRL 280,MTRL,1,0
MTRL 251,MTRL 251,MTRL,1,1
MTRL 320,MTRL 320,MTRL,1,2
MTRL 340,MTRL 340,MTRL,1,1
MTRL 359,MTRL 359,MTRL,2,1
MMAT 358,MMAT 358,MMAT,1,0
MTRL 358,MTRL 358,MTRL,1,0
MTRL 363,MTRL 363,MTRL,2,1
MTRL 365,MTRL 365,MTRL,3,3
MTRL 381,MTRL 381,MTRL,2,4
MTRL 378,MTRL 378,MTRL,1,0
MTRL 392,MTRL 392,MTRL,2,2
MTRL 398,MTRL 398,MTRL,2,2
MTRL 442,MTRL 442,MTRL,1,1
MTRL 458,MTRL 458,MTRL,2,1
MTRL 460,MTRL 460,MTRL,2,3
MTRL 469,MTRL 469,MTRL,2,1
MTRL 472,MTRL 472,MTRL,2,4
MTRL 475,MTRL 475,MTRL,2,4
MTRL 485,MTRL 485,MTRL,2,4
MTRL 495,MTRL 495,MTRL,1,1
MTRL 496,MTRL 496,MTRL,1,1
MUSC 101,MUSC 101,MUSC,2,1
MUSC 100,MUSC 100,MUSC,0,0
MUSC 110,MUSC 110,MUSC,0,0
MUSC 104,MUSC 104,MUSC,1,1
MUSC 103,MUSC 103,MUSC,0,0
MUSC 106,MUSC 106,MUSC,1,1
MUSC 105,MUSC 105,MUSC,0,0
MUSC 111,MUSC 111,MUSC,1,1
MUSC 121,MUSC 121,MUSC,1,1
MUSC 120,MUSC 120,MUSC,0,0
MUSC 169,MUSC 169,MUSC,11,1
MUSC 156,MUSC 156,MUSC,1,0
MUSC 157,MUSC 157,MUSC,1,0
MUSC 158,MUSC 158,MUSC,1,0
MUSC 159,MUSC 159,MUSC,1,0
MUSC 160,MUSC 160,MUSC,1,0
MUSC 161,MUSC 161,MUSC,1,0
MUSC 162,MUSC 162,MUSC,1,0
MUSC 163,MUSC 163,MUSC,1,0
MUSC 164,MUSC 164,MUSC,1,0
MUSC 165,MUSC 165,MUSC,1,0
MUSC 166,MUSC 166,MUSC,1,0
MUSC 200,MUSC 200,MUSC,1,2
MUSC 201,MUSC 201,MUSC,2,2
MUSC 205,MUSC 205,MUSC,1,2
MUSC 206,MUSC 206,MUSC,1,3
MUSC 207,MUSC 207,MUSC,1,1
MUSC 107,MUSC 107,MUSC,0,0
MUSC 210,MUSC 210,MUSC,2,2
MUSC 220,MUSC 220,MUSC,3,2
MUSC 221,MUSC 221,MUSC,3,3
MUSC 249,MUSC 249,MUSC,1,1
MUSC 149,MUSC 149,MUSC,0,0
MUSC 271,MUSC 271,MUSC,25,1
MUSC 171,MUSC 171,MUSC,0,0
MUSC 172,MUSC 172,MUSC,0,0
MUSC 173,MUSC 173,MUSC,0,0
MUSC 174,MUSC 174,MUSC,0,0
MUSC 175,MUSC 175,MUSC,0,0
MUSC 176,MUSC 176,MUSC,0,0
MUSC 177,MUSC 177,MUSC,0,0
MUSC 178,MUSC 178,MUSC,0,0
MUSC 179,MUSC 179,MUSC,0,0
MUSC 180,MUSC 180,MUSC,0,0
MUSC 181,MUSC 181,MUSC,0,0
MUSC 182,MUSC 182,MUSC,0,0
MUSC 183,MUSC 183,MUSC,0,0
MUSC 184,MUSC 184,MUSC,0,0
MUSC 185,MUSC 185,MUSC,0,0
MUSC 186,MUSC 186,MUSC,0,0
MUSC 187,MUSC 187,MUSC,0,0
MUSC 188,MUSC 188,MUSC,0,0
MUSC 189,MUSC 189,MUSC,0,0
MUSC 190,MUSC 190,MUSC,0,0
MUSC 191,MUSC 191,MUSC,0,0
MUSC 192,MUSC 192,MUSC,0,0
MUSC 193,MUSC 193,MUSC,0,0
MUSC 194,MUSC 194,MUSC,0,0
MUSC 195,MUSC 195,MUSC,0,0
MUSC 272,MUSC 272,MUSC,25,1
MUSC 281,MUSC 281,MUSC,25,1
MUSC 282,MUSC 282,MUSC,25,1
MUSC 283,MUSC 283,MUSC,25,1
MUSC 291,MUSC 291,MUSC,25,1
MUSC 292,MUSC 292,MUSC,25,1
MUSC 293,MUSC 293,MUSC,25,1
MUSC 300,MUSC 300,MUSC,1,3
MUSC 301,MUSC 301,MUSC,1,4
MUSC 307,MUSC 307,MUSC,1,2
MUSC 310,MUSC 310,MUSC,1,1
MUSC 309,MUSC 309,MUSC,0,0
MUSC 312,MUSC 312,MUSC,1,1
MUSC 311,MUSC 311,MUSC,0,0
MUSC 313,MUSC 313,MUSC,1,1
MUSC 319,MUSC 319,MUSC,4,1
MUSC 119,MUSC 119,MUSC,0,0
MUSC 320,MUSC 320,MUSC,1,2
MUSC 331,MUSC 331,MUSC,1,3
MUSC 352,MUSC 352,MUSC,2,2
MUSC 353,MUSC 353,MUSC,1,1
MUSC 354,MUSC 354,MUSC,1,2
MUSC 355,MUSC 355,MUSC,1,2
MUSC 356,MUSC 356,MUSC,1,3
MUSC 357,MUSC 357,MUSC,1,4
MUSC 358,MUSC 358,MUSC,1,4
MUSC 363,MUSC 363,MUSC,1,4
MUSC 365,MUSC 365,MUSC,1,4
MUSC 371,MUSC 371,MUSC,25,1
MUSC 273,MUSC 273,MUSC,0,0
MUSC 274,MUSC 274,MUSC,0,0
MUSC 275,MUSC 275,MUSC,0,0
MUSC 276,MUSC 276,MUSC,0,0
MUSC 277,MUSC 277,MUSC,0,0
MUSC 278,MUSC 278,MUSC,0,0
MUSC 279,MUSC 279,MUSC,0,0
MUSC 280,MUSC 280,MUSC,0,0
MUSC 284,MUSC 284,MUSC,0,0
MUSC 285,MUSC 285,MUSC,0,0
MUSC 286,MUSC 286,MUSC,0,0
MUSC 287,MUSC 287,MUSC,0,0
MUSC 288,MUSC 288,MUSC,0,0
MUSC 289,MUSC 289,MUSC,0,0
MUSC 290,MUSC 290,MUSC,0,0
MUSC 294,MUSC 294,MUSC,0,0
MUSC 295,MUSC 295,MUSC,0,0
MUSC 372,MUSC 372,MUSC,25,1
MUSC 381,MUSC 381,MUSC,25,1
MUSC 382,MUSC 382,MUSC,25,1
MUSC 383,MUSC 383,MUSC,25,1
MUSC 391,MUSC 391,MUSC,25,1
MUSC 392,MUSC 392,MUSC,25,1
MUSC 393,MUSC 393,MUSC,25,1
MUSC 394,MUSC 394,MUSC,25,1
MUSC 406,MUSC 406,MUSC,2,1
MUSC 409,MUSC 409,MUSC,1,3
MUSC 410,MUSC 410,MUSC,1,3
MUSC 411,MUSC 411,MUSC,1,3
MUSC 412,MUSC 412,MUSC,1,3
MUSC 413,MUSC 413,MUSC,1,4
MUSC 414,MUSC 414,MUSC,1,3
MUSC 415,MUSC 415,MUSC,1,3
MUSC 417,MUSC 417,MUSC,1,2
MUSC 419,MUSC 419,MUSC,1,3
MUSC 420,MUSC 420,MUSC,1,4
MUSC 428,MUSC 428,MUSC,1,1
MUSC 328,MUSC 328,MUSC,0,0
MUSC 430,MUSC 430,MUSC,4,4
MUSC 433,MUSC 433,MUSC,1,1
MUSC 333,MUSC 333,MUSC,0,0
MUSC 440,MUSC 440,MUSC,1,1
MUSC 340,MUSC 340,MUSC,0,0
MUSC 443,MUSC 443,MUSC,1,2
MUSC 454,MUSC 454,MUSC,2,3
MUSC 455,MUSC 455,MUSC,2,4
MUSC 465,MUSC 465,MUSC,1,4
MUSC 471,MUSC 471,MUSC,25,1
MUSC 373,MUSC 373,MUSC,0,0
MUSC 374,MUSC 374,MUSC,0,0
MUSC 375,MUSC 375,MUSC,0,0
MUSC 376,MUSC 376,MUSC,0,0
MUSC 377,MUSC 377,MUSC,0,0
MUSC 378,MUSC 378,MUSC,0,0
MUSC 379,MUSC 379,MUSC,0,0
MUSC 380,MUSC 380,MUSC,0,0
MUSC 384,MUSC 384,MUSC,0,0
MUSC 385,MUSC 385,MUSC,0,0
MUSC 386,MUSC 386,MUSC,0,0
MUSC 387,MUSC 387,MUSC,0,0
MUSC 388,MUSC 388,MUSC,0,0
MUSC 389,MUSC 389,MUSC,0,0
MUSC 390,MUSC 390,MUSC,0,0
MUSC 395,MUSC 395,MUSC,0,0
MUSC 472,MUSC 472,MUSC,25,1
MUSC 481,MUSC 481,MUSC,25,1
MUSC 482,MUSC 482,MUSC,25,1
MUSC 483,MUSC 483,MUSC,25,1
MUSC 491,MUSC 491,MUSC,25,1
MUSC 492,MUSC 492,MUSC,25,1
MUSC 493,MUSC 493,MUSC,25,1
MUSC 494,MUSC 494,MUSC,25,1
NSCI 201,NSCI 201,NSCI,1,1
NSCI 301,NSCI 301,NSCI,2,2
NSCI 302,NSCI 302,NSCI,1,2
NSCI 311,NSCI 311,NSCI,1,1
NSCI 398,NSCI 398,NSCI,0,0
NSCI 399,NSCI 399,NSCI,1,1
NSCI 498,NSCI 498,NSCI,1,2
NSCI 499,NSCI 499,NSCI,1,3
NURS 301,NURS 301,NURS,10,38
NURS 300,NURS 300,NURS,4,0
NURS 310,NURS 310,NURS,4,0
NURS 321,NURS 321,NURS,5,37
NURS 322,NURS 322,NURS,9,38
NURS 330,NURS 330,NURS,5,38
NURS 352,NURS 352,NURS,5,39
NURS 360,NURS 360,NURS,5,40
NURS 362,NURS 362,NURS,10,41
NURS 323,NURS 323,NURS,14,38
NURS 401,NURS 401,NURS,15,42
NURS 303,NURS 303,NURS,10,38
NURS 363,NURS 363,NURS,10,41
NURS 311,NURS 311,NURS,1,0
NURS 361,NURS 361,NURS,8,41
NURS 345,NURS 345,NURS,10,39
NURS 365,NURS 365,NURS,10,41
NURS 346,NURS 346,NURS,10,39
NURS 366,NURS 366,NURS,9,40
NURS 331,NURS 331,NURS,7,39
NURS 344,NURS 344,NURS,9,39
NURS 350,NURS 350,NURS,6,39
NURS 351,NURS 351,NURS,6,39
NURS 353,NURS 353,NURS,6,40
NURS 354,NURS 354,NURS,6,40
NURS 402,NURS 402,NURS,16,43
NURS 430,NURS 430,NURS,25,44
NURS 427,NURS 427,NURS,3,44
OHS 440,OHS 440,OHS,1,1
OHS 430,OHS 430,OHS,0,0
PATH 300,PATH 300,PATH,8,4
PATH 417,PATH 417,PATH,1,3
PATH 447,PATH 447,PATH,2,1
PATH 427,PATH 427,PATH,0,0
PATH 467,PATH 467,PATH,0,0
PCTH 201,PCTH 201,PCTH,6,1
Biology 12,Biology 12,Biology,0,0
PCTH 300,PCTH 300,PCTH,1,0
PCTH 302,PCTH 302,PCTH,1,1
PCTH 305,PCTH 305,PCTH,4,4
PCTH 325,PCTH 325,PCTH,4,1
PCTH 398,PCTH 398,PCTH,1,1
PCTH 399,PCTH 399,PCTH,1,2
PCTH 400,PCTH 400,PCTH,2,1
PCTH 402,PCTH 402,PCTH,1,1
PCTH 404,PCTH 404,PCTH,2,3
PCTH 498,PCTH 498,PCTH,1,3
PCTH 499,PCTH 499,PCTH,1,4
PERS 101,PERS 101,PERS,1,1
PERS 100,PERS 100,PERS,0,0
PERS 200,PERS 200,PERS,2,1
PERS 104,PERS 104,PERS,0,0
PERS 201,PERS 201,PERS,1,2
PERS 300,PERS 300,PERS,1,3
PERS 301,PERS 301,PERS,1,4
PERS 400,PERS 400,PERS,2,1
PERS 401,PERS 401,PERS,1,4
PERS 451,PERS 451,PERS,1,4
PHAR 205,PHAR 205,PHAR,2,3
PHAR 280,PHAR 280,PHAR,1,1
PHAR 180,PHAR 180,PHAR,0,0
PHAR 303,PHAR 303,PHAR,1,1
PHAR 202,PHAR 202,PHAR,0,0
PHAR 304,PHAR 304,PHAR,4,4
PHAR 204,PHAR 204,PHAR,0,0
PHAR 305,PHAR 305,PHAR,1,4
PHAR 306,PHAR 306,PHAR,2,3
PHAR 307,PHAR 307,PHAR,4,4
PHAR 308,PHAR 308,PHAR,1,1
PHAR 380,PHAR 380,PHAR,1,2
PHAR 421,PHAR 421,PHAR,1,1
PHAR 203,PHAR 203,PHAR,0,0
PHAR 422,PHAR 422,PHAR,1,5
PHAR 423,PHAR 423,PHAR,1,5
PHAR 426,PHAR 426,PHAR,1,2
PHAR 427,PHAR 427,PHAR,2,3
PHAR 428,PHAR 428,PHAR,1,3
PHAR 432,PHAR 432,PHAR,1,3
PHAR 433,PHAR 433,PHAR,1,1
PHAR 302,PHAR 302,PHAR,0,0
PHAR 470,PHAR 470,PHAR,1,1
PHAR 370,PHAR 370,PHAR,0,0
PHAR 480,PHAR 480,PHAR,1,3
PHAR 497,PHAR 497,PHAR,1,1
PHIL 311,PHIL 311,PHIL,1,1
PHIL 310,PHIL 310,PHIL,0,0
PHIL 315,PHIL 315,PHIL,1,1
PHIL 314,PHIL 314,PHIL,0,0
PHIL 320,PHIL 320,PHIL,1,1
PHIL 321,PHIL 321,PHIL,2,1
PHIL 125,PHIL 125,PHIL,0,0
PHIL 322,PHIL 322,PHIL,1,1
PHIL 323,PHIL 323,PHIL,1,1
PHIL 324,PHIL 324,PHIL,1,1
PHIL 326,PHIL 326,PHIL,2,1
PHIL 340,PHIL 340,PHIL,0,0
PHIL 351,PHIL 351,PHIL,9,1
PHIL 211,PHIL 211,PHIL,0,0
PHIL 212,PHIL 212,PHIL,0,0
PHIL 230,PHIL 230,PHIL,0,0
PHIL 235,PHIL 235,PHIL,0,0
PHIL 240,PHIL 240,PHIL,0,0
PHIL 250,PHIL 250,PHIL,0,0
PHIL 260,PHIL 260,PHIL,0,0
PHIL 410,PHIL 410,PHIL,1,2
PHIL 412,PHIL 412,PHIL,1,1
PHIL 313,PHIL 313,PHIL,0,0
PHIL 414,PHIL 414,PHIL,3,1
PHIL 316,PHIL 316,PHIL,0,0
PHIL 415,PHIL 415,PHIL,3,1
PHIL 416,PHIL 416,PHIL,4,1
PHIL 418,PHIL 418,PHIL,1,1
PHIL 420,PHIL 420,PHIL,1,1
PHIL 426,PHIL 426,PHIL,1,2
PHIL 440,PHIL 440,PHIL,1,1
PHIL 441,PHIL 441,PHIL,2,1
PHIL 451,PHIL 451,PHIL,2,1
PHIL 452,PHIL 452,PHIL,1,1
PHIL 455,PHIL 455,PHIL,2,2
PHIL 462,PHIL 462,PHIL,1,1
PHIL 469,PHIL 469,PHIL,1,1
PHIL 369,PHIL 369,PHIL,0,0
PHRM 111,PHRM 111,PHRM,2,19
PHRM 100,PHRM 100,PHRM,0,0
PHRM 131,PHRM 131,PHRM,1,20
PHRM 211,PHRM 211,PHRM,1,28
PHRM 231,PHRM 231,PHRM,2,30
PHRM 212,PHRM 212,PHRM,2,29
PHRM 312,PHRM 312,PHRM,1,1
PHRM 311,PHRM 311,PHRM,0,0
PHRM 330,PHRM 330,PHRM,2,30
PHRM 462,PHRM 462,PHRM,1,1
PHRM 461,PHRM 461,PHRM,0,0
PHRM 463,PHRM 463,PHRM,1,1
PHRM 464,PHRM 464,PHRM,1,1
PHRM 465,PHRM 465,PHRM,1,1
PHRM 466,PHRM 466,PHRM,1,1
PHRM 467,PHRM 467,PHRM,1,1
PHRM 468,PHRM 468,PHRM,1,1
PHRM 469,PHRM 469,PHRM,1,1
PHRM 471,PHRM 471,PHRM,1,1
PHRM 371,PHRM 371,PHRM,0,0
PHRM 472,PHRM 472,PHRM,1,1
PHRM 473,PHRM 473,PHRM,1,1
PHRM 491,PHRM 491,PHRM,4,1
PHRM 451,PHRM 451,PHRM,0,0
PHRM 452,PHRM 452,PHRM,0,0
PHRM 453,PHRM 453,PHRM,0,0
PHRM 492,PHRM 492,PHRM,4,1
PHRM 493,PHRM 493,PHRM,4,1
PHRM 494,PHRM 494,PHRM,4,1
PHRM 495,PHRM 495,PHRM,4,1
PHRM 496,PHRM 496,PHRM,4,1
Physics 11,Physics 11,Physics,0,0
PREC 12,PREC 12,PREC,0,0
CALC 12,CALC 12,CALC,0,0
PHYS 129,PHYS 129,PHYS,2,2
PHYS 209,PHYS 209,PHYS,18,3
PHYS 219,PHYS 219,PHYS,12,3
PHYS 229,PHYS 229,PHYS,2,4
PHYS 298,PHYS 298,PHYS,1,3
PHYS 299,PHYS 299,PHYS,1,4
PHYS 305,PHYS 305,PHYS,15,3
PHYS 309,PHYS 309,PHYS,3,3
PHYS 314,PHYS 314,PHYS,2,4
PHYS 315,PHYS 315,PHYS,9,4
PHYS 318,PHYS 318,PHYS,3,3
PHYS 319,PHYS 319,PHYS,3,3
PHYS 330,PHYS 330,PHYS,14,2
PHYS 333,PHYS 333,PHYS,16,2
PHYS 350,PHYS 350,PHYS,2,1
PHYS 270,PHYS 270,PHYS,0,0
PHYS 399,PHYS 399,PHYS,1,5
PHYS 400,PHYS 400,PHYS,2,4
PHYS 450,PHYS 450,PHYS,2,3
PHYS 401,PHYS 401,PHYS,2,5
PHYS 402,PHYS 402,PHYS,2,4
PHYS 403,PHYS 403,PHYS,8,2
PHYS 257,PHYS 257,PHYS,0,0
PHYS 404,PHYS 404,PHYS,3,3
PHYS 405,PHYS 405,PHYS,6,2
PHYS 407,PHYS 407,PHYS,6,5
PHYS 409,PHYS 409,PHYS,2,4
PHYS 410,PHYS 410,PHYS,8,4
PHYS 412,PHYS 412,PHYS,3,4
PHYS 437,PHYS 437,PHYS,4,1
PHYS 313,PHYS 313,PHYS,0,0
PHYS 455,PHYS 455,PHYS,5,4
PHYS 438,PHYS 438,PHYS,7,2
PHYS 454,PHYS 454,PHYS,2,5
PHYS 458,PHYS 458,PHYS,2,5
PHYS 473,PHYS 473,PHYS,2,4
PHYS 474,PHYS 474,PHYS,2,4
PHYS 498,PHYS 498,PHYS,1,6
PHYS 499,PHYS 499,PHYS,1,7
PLAN 452,PLAN 452,PLAN,1,2
POLI 260,POLI 260,POLI,0,0
POLI 301,POLI 301,POLI,1,1
POLI 101,POLI 101,POLI,0,0
POLI 302,POLI 302,POLI,1,1
POLI 303,POLI 303,POLI,1,1
POLI 304,POLI 304,POLI,1,1
POLI 305,POLI 305,POLI,1,1
POLI 306,POLI 306,POLI,1,1
POLI 307,POLI 307,POLI,1,1
POLI 308,POLI 308,POLI,1,1
POLI 309,POLI 309,POLI,1,1
POLI 310,POLI 310,POLI,1,1
POLI 372,POLI 372,POLI,1,1
POLI 381,POLI 381,POLI,1,1
POLI 401,POLI 401,POLI,9,2
POLI 402,POLI 402,POLI,9,2
POLI 403,POLI 403,POLI,9,2
POLI 404,POLI 404,POLI,12,1
POLI 350,POLI 350,POLI,0,0
POLI 351,POLI 351,POLI,0,0
POLI 352,POLI 352,POLI,0,0
POLI 405,POLI 405,POLI,9,2
POLI 406,POLI 406,POLI,1,1
POLI 420,POLI 420,POLI,17,1
POLI 220,POLI 220,POLI,0,0
POLI 320,POLI 320,POLI,0,0
POLI 321,POLI 321,POLI,0,0
POLI 322,POLI 322,POLI,0,0
POLI 323,POLI 323,POLI,0,0
POLI 324,POLI 324,POLI,0,0
POLI 325,POLI 325,POLI,0,0
POLI 326,POLI 326,POLI,0,0
POLI 327,POLI 327,POLI,0,0
POLI 328,POLI 328,POLI,0,0
POLI 329,POLI 329,POLI,0,0
POLI 330,POLI 330,POLI,0,0
POLI 331,POLI 331,POLI,0,0
POLI 332,POLI 332,POLI,0,0
POLI 333,POLI 333,POLI,0,0
POLI 421,POLI 421,POLI,17,1
POLI 422,POLI 422,POLI,17,1
POLI 423,POLI 423,POLI,17,1
POLI 426,POLI 426,POLI,17,1
POLI 427,POLI 427,POLI,19,1
POLI 334,POLI 334,POLI,0,0
POLI 335,POLI 335,POLI,0,0
POLI 336,POLI 336,POLI,0,0
POLI 337,POLI 337,POLI,0,0
POLI 429,POLI 429,POLI,18,1
POLI 345,POLI 345,POLI,0,0
POLI 450,POLI 450,POLI,5,1
POLI 460,POLI 460,POLI,12,1
POLI 360,POLI 360,POLI,0,0
POLI 361,POLI 361,POLI,0,0
POLI 362,POLI 362,POLI,0,0
POLI 363,POLI 363,POLI,0,0
POLI 364,POLI 364,POLI,0,0
POLI 365,POLI 365,POLI,0,0
POLI 366,POLI 366,POLI,0,0
POLI 367,POLI 367,POLI,0,0
POLI 368,POLI 368,POLI,0,0
POLI 369,POLI 369,POLI,0,0
POLI 370,POLI 370,POLI,0,0
POLI 461,POLI 461,POLI,12,1
POLI 462,POLI 462,POLI,12,1
POLI 463,POLI 463,POLI,13,1
POLI 375,POLI 375,POLI,0,0
POLS 300,POLS 300,POLS,1,1
POLS 200,POLS 200,POLS,0,0
POLS 345,POLS 345,POLS,1,1
POLS 210,POLS 210,POLS,0,0
PORT 102,PORT 102,PORT,1,1
PORT 101,PORT 101,PORT,0,0
PORT 201,PORT 201,PORT,2,1
PORT 110,PORT 110,PORT,0,0
PORT 202,PORT 202,PORT,1,2
PORT 210,PORT 210,PORT,1,1
PORT 301,PORT 301,PORT,2,2
PORT 308,PORT 308,PORT,2,2
PSYC 240,PSYC 240,PSYC,2,1
PSYC 260,PSYC 260,PSYC,3,1
PSYC 272,PSYC 272,PSYC,1,3
PSYC 273,PSYC 273,PSYC,7,2
PSYC 274,PSYC 274,PSYC,1,3
PSYC 275,PSYC 275,PSYC,3,1
PSYC 300,PSYC 300,PSYC,8,1
PSYC 205,PSYC 205,PSYC,0,0
PSYC 207,PSYC 207,PSYC,0,0
PSYC 208,PSYC 208,PSYC,0,0
PSYC 216,PSYC 216,PSYC,0,0
PSYC 301,PSYC 301,PSYC,9,1
PSYC 302,PSYC 302,PSYC,9,1
PSYC 303,PSYC 303,PSYC,3,2
PSYC 305,PSYC 305,PSYC,9,1
PSYC 306,PSYC 306,PSYC,9,1
PSYC 307,PSYC 307,PSYC,9,1
PSYC 308,PSYC 308,PSYC,9,1
PSYC 309,PSYC 309,PSYC,9,1
PSYC 311,PSYC 311,PSYC,9,1
PSYC 312,PSYC 312,PSYC,9,1
PSYC 314,PSYC 314,PSYC,9,1
PSYC 315,PSYC 315,PSYC,9,1
PSYC 319,PSYC 319,PSYC,8,1
PSYC 320,PSYC 320,PSYC,9,1
PSYC 321,PSYC 321,PSYC,8,1
PSYC 322,PSYC 322,PSYC,9,1
PSYC 325,PSYC 325,PSYC,9,1
PSYC 331,PSYC 331,PSYC,9,1
PSYC 333,PSYC 333,PSYC,12,1
LING 420,LING 420,LING,0,0
PSYC 334,PSYC 334,PSYC,1,2
PSYC 335,PSYC 335,PSYC,9,1
PSYC 336,PSYC 336,PSYC,13,1
ENGL 329,ENGL 329,ENGL,0,0
PSYC 337,PSYC 337,PSYC,1,2
PSYC 349,PSYC 349,PSYC,5,2
PSYC 350,PSYC 350,PSYC,9,1
PSYC 358,PSYC 358,PSYC,9,1
PSYC 359,PSYC 359,PSYC,5,2
PSYC 361,PSYC 361,PSYC,6,2
PSYC 363,PSYC 363,PSYC,10,1
BIOL 458,BIOL 458,BIOL,0,0
PSYC 263,PSYC 263,PSYC,0,0
PSYC 364,PSYC 364,PSYC,1,2
PSYC 365,PSYC 365,PSYC,4,1
PSYC 368,PSYC 368,PSYC,1,2
PSYC 371,PSYC 371,PSYC,1,3
PSYC 398,PSYC 398,PSYC,2,3
PSYC 399,PSYC 399,PSYC,1,4
PSYC 400,PSYC 400,PSYC,1,2
PSYC 401,PSYC 401,PSYC,1,2
PSYC 402,PSYC 402,PSYC,6,2
PSYC 403,PSYC 403,PSYC,7,2
PSYC 404,PSYC 404,PSYC,7,2
PSYC 407,PSYC 407,PSYC,6,2
PSYC 408,PSYC 408,PSYC,7,2
PSYC 409,PSYC 409,PSYC,7,2
PSYC 412,PSYC 412,PSYC,5,2
PSYC 413,PSYC 413,PSYC,5,2
PSYC 414,PSYC 414,PSYC,9,1
PSYC 415,PSYC 415,PSYC,7,2
PSYC 417,PSYC 417,PSYC,5,2
PSYC 418,PSYC 418,PSYC,7,2
PSYC 420,PSYC 420,PSYC,4,2
PSYC 421,PSYC 421,PSYC,9,1
PSYC 427,PSYC 427,PSYC,5,2
PSYC 449,PSYC 449,PSYC,1,3
PSYC 460,PSYC 460,PSYC,3,2
PSYC 461,PSYC 461,PSYC,4,2
PSYC 462,PSYC 462,PSYC,3,2
PSYC 463,PSYC 463,PSYC,6,2
PSYC 466,PSYC 466,PSYC,14,1
BIOL 355,BIOL 355,BIOL,0,0
PHYL 426,PHYL 426,PHYL,0,0
PSYC 469,PSYC 469,PSYC,6,2
PSYC 472,PSYC 472,PSYC,1,3
PSYC 498,PSYC 498,PSYC,1,5
PSYC 499,PSYC 499,PSYC,1,6
PUNJ 101,PUNJ 101,PUNJ,1,1
PUNJ 100,PUNJ 100,PUNJ,0,0
PUNJ 200,PUNJ 200,PUNJ,2,1
PUNJ 102,PUNJ 102,PUNJ,0,0
PUNJ 201,PUNJ 201,PUNJ,1,2
PUNJ 202,PUNJ 202,PUNJ,1,3
PUNJ 300,PUNJ 300,PUNJ,2,2
PUNJ 401,PUNJ 401,PUNJ,1,3
PUNJ 402,PUNJ 402,PUNJ,1,3
PUNJ 403,PUNJ 403,PUNJ,1,3
PUNJ 404,PUNJ 404,PUNJ,1,3
PUNJ 457,PUNJ 457,PUNJ,1,3
PUNJ 475,PUNJ 475,PUNJ,1,3
RGST 300,RGST 300,RGST,1,1
RGST 200,RGST 200,RGST,0,0
RGST 330,RGST 330,RGST,1,1
RGST 400,RGST 400,RGST,1,2
RUSS 200,RUSS 200,RUSS,2,1
RUSS 100,RUSS 100,RUSS,0,0
RUSS 102,RUSS 102,RUSS,0,0
RUSS 201,RUSS 201,RUSS,2,1
RUSS 202,RUSS 202,RUSS,1,2
RUSS 215,RUSS 215,RUSS,2,1
RUSS 300,RUSS 300,RUSS,2,2
RUSS 301,RUSS 301,RUSS,2,2
RUSS 302,RUSS 302,RUSS,1,3
RUSS 305,RUSS 305,RUSS,2,2
RUSS 315,RUSS 315,RUSS,1,2
RUSS 316,RUSS 316,RUSS,2,2
RUSS 400,RUSS 400,RUSS,2,3
RUSS 407,RUSS 407,RUSS,1,3
RUSS 408,RUSS 408,RUSS,1,3
RUSS 409,RUSS 409,RUSS,1,3
SANS 302,SANS 302,SANS,1,1
SANS 301,SANS 301,SANS,0,0
SANS 400,SANS 400,SANS,2,1
SANS 300,SANS 300,SANS,0,0
SANS 401,SANS 401,SANS,2,1
SANS 402,SANS 402,SANS,1,2
SANS 450,SANS 450,SANS,4,1
SANS 200,SANS 200,SANS,0,0
SANS 202,SANS 202,SANS,0,0
ENGL 12,ENGL 12,ENGL,0,0
SCIE 010,SCIE 010,SCIE,9,2
SCIE 120,SCIE 120,SCIE,4,2
SCIE 300,SCIE 300,SCIE,3,3
SCIE 320,SCIE 320,SCIE,0,0
SCIE 420,SCIE 420,SCIE,31,1
ARCL 309,ARCL 309,ARCL,0,0
CIVL 200,CIVL 200,CIVL,0,0
ENDS 221,ENDS 221,ENDS,0,0
FRST 100,FRST 100,FRST,0,0
HIST 106,HIST 106,HIST,0,0
LAW 386,LAW 386,LAW,0,0
SOCI 217,SOCI 217,SOCI,4,1
SOCI 101,SOCI 101,SOCI,0,0
SOCI 102,SOCI 102,SOCI,0,0
SOCI 301,SOCI 301,SOCI,3,1
SOCI 302,SOCI 302,SOCI,3,1
SOCI 303,SOCI 303,SOCI,3,1
SOCI 310,SOCI 310,SOCI,3,1
SOCI 312,SOCI 312,SOCI,3,1
SOCI 314,SOCI 314,SOCI,3,1
SOCI 320,SOCI 320,SOCI,4,1
SOCI 324,SOCI 324,SOCI,4,1
SOCI 342,SOCI 342,SOCI,3,1
SOCI 344,SOCI 344,SOCI,4,1
SOCI 352,SOCI 352,SOCI,3,1
SOCI 354,SOCI 354,SOCI,3,1
SOCI 360,SOCI 360,SOCI,3,1
SOCI 361,SOCI 361,SOCI,3,1
SOCI 364,SOCI 364,SOCI,3,1
SOCI 369,SOCI 369,SOCI,4,1
SOCI 370,SOCI 370,SOCI,3,1
SOCI 371,SOCI 371,SOCI,3,1
SOCI 372,SOCI 372,SOCI,3,1
SOCI 380,SOCI 380,SOCI,4,2
SOCI 381,SOCI 381,SOCI,4,1
SOCI 382,SOCI 382,SOCI,4,1
SOCI 383,SOCI 383,SOCI,4,1
SOCI 384,SOCI 384,SOCI,3,1
SOCI 387,SOCI 387,SOCI,3,1
SOCI 410,SOCI 410,SOCI,3,1
SOCI 414,SOCI 414,SOCI,3,1
SOCI 415,SOCI 415,SOCI,4,1
SOCI 416,SOCI 416,SOCI,3,1
SOCI 418,SOCI 418,SOCI,4,1
SOCI 420,SOCI 420,SOCI,3,1
SOCI 423,SOCI 423,SOCI,3,1
SOCI 425,SOCI 425,SOCI,3,1
SOCI 433,SOCI 433,SOCI,3,1
SOCI 435,SOCI 435,SOCI,1,1
SOCI 430,SOCI 430,SOCI,0,0
SOCI 440,SOCI 440,SOCI,3,1
SOCI 441,SOCI 441,SOCI,4,1
SOCI 442,SOCI 442,SOCI,4,1
SOCI 449,SOCI 449,SOCI,3,1
SOCI 461,SOCI 461,SOCI,3,1
SOCI 464,SOCI 464,SOCI,3,1
SOCI 465,SOCI 465,SOCI,3,1
SOCI 466,SOCI 466,SOCI,3,1
SOCI 469,SOCI 469,SOCI,4,1
SOCI 470,SOCI 470,SOCI,3,1
SOCI 473,SOCI 473,SOCI,3,1
SOCI 479,SOCI 479,SOCI,3,1
SOCI 480,SOCI 480,SOCI,3,1
SOCI 490,SOCI 490,SOCI,3,1
SOCI 495,SOCI 495,SOCI,3,1
SOWK 201,SOWK 201,SOWK,1,1
SOWK 200,SOWK 200,SOWK,0,0
SOWK 315,SOWK 315,SOWK,1,1
SOWK 310,SOWK 310,SOWK,0,0
SOWK 442,SOWK 442,SOWK,1,1
SOWK 441,SOWK 441,SOWK,0,0
SPAN 102,SPAN 102,SPAN,1,1
SPAN 101,SPAN 101,SPAN,0,0
SPAN 103,SPAN 103,SPAN,0,0
SPAN 201,SPAN 201,SPAN,3,1
SPAN 11,SPAN 11,SPAN,0,0
SPAN 202,SPAN 202,SPAN,1,2
SPAN 203,SPAN 203,SPAN,2,1
SPAN 206,SPAN 206,SPAN,2,1
SPAN 12,SPAN 12,SPAN,0,0
SPAN 207,SPAN 207,SPAN,1,2
SPAN 221,SPAN 221,SPAN,1,3
SPAN 222,SPAN 222,SPAN,1,3
SPAN 301,SPAN 301,SPAN,3,1
SPAN 302,SPAN 302,SPAN,1,2
SPAN 303,SPAN 303,SPAN,2,3
SPAN 308,SPAN 308,SPAN,2,3
SPAN 309,SPAN 309,SPAN,2,3
SPAN 321,SPAN 321,SPAN,1,3
SPAN 322,SPAN 322,SPAN,1,3
SPAN 357,SPAN 357,SPAN,2,4
SPAN 358,SPAN 358,SPAN,2,4
SPAN 364,SPAN 364,SPAN,2,4
SPAN 365,SPAN 365,SPAN,2,4
SPAN 401,SPAN 401,SPAN,1,3
SPAN 402,SPAN 402,SPAN,1,3
SPAN 403,SPAN 403,SPAN,1,3
SPAN 404,SPAN 404,SPAN,2,4
SPAN 405,SPAN 405,SPAN,2,4
SPAN 406,SPAN 406,SPAN,2,4
SPAN 409,SPAN 409,SPAN,2,4
SPAN 410,SPAN 410,SPAN,2,4
SPAN 411,SPAN 411,SPAN,1,3
SPAN 420,SPAN 420,SPAN,2,4
SPAN 430,SPAN 430,SPAN,2,4
SPAN 450,SPAN 450,SPAN,1,3
SPAN 470,SPAN 470,SPAN,2,4
SPAN 490,SPAN 490,SPAN,2,4
SPAN 495,SPAN 495,SPAN,2,4
SPAN 498,SPAN 498,SPAN,2,4
MATH 11,MATH 11,MATH,0,0
Pre-calculus 11,Pre-calculus 11,Pre-calculus,0,0
STAT 300,STAT 300,STAT,15,1
STAT 301,STAT 301,STAT,9,3
STAT 306,STAT 306,STAT,19,4
STAT 307,STAT 307,STAT,1,5
STAT 321,STAT 321,STAT,3,1
EECE 269,EECE 269,EECE,0,0
STAT 335,STAT 335,STAT,4,3
STAT 344,STAT 344,STAT,13,4
STAT 398,STAT 398,STAT,0,0
STAT 399,STAT 399,STAT,1,1
STAT 404,STAT 404,STAT,2,5
STAT 406,STAT 406,STAT,2,4
STAT 443,STAT 443,STAT,17,5
STAT 445,STAT 445,STAT,1,5
STAT 447,STAT 447,STAT,1,5
STAT 450,STAT 450,STAT,1,5
STAT 460,STAT 460,STAT,5,5
STAT 461,STAT 461,STAT,1,6
THFL 304,THFL 304,THFL,3,1
THTR 205,THTR 205,THTR,2,0
THTR 305,THTR 305,THTR,3,1
THFL 402,THFL 402,THFL,5,1
THTR 306,THTR 306,THTR,1,0
THTR 307,THTR 307,THTR,1,0
THTR 308,THTR 308,THTR,1,0
THTR 250,THTR 250,THTR,2,1
THTR 150,THTR 150,THTR,0,0
THTR 271,THTR 271,THTR,0,0
THTR 273,THTR 273,THTR,0,0
THTR 299,THTR 299,THTR,3,1
THTR 317,THTR 317,THTR,4,2
THTR 130,THTR 130,THTR,0,0
THTR 230,THTR 230,THTR,0,0
THTR 399,THTR 399,THTR,9,1
THTR 330,THTR 330,THTR,2,1
THTR 335,THTR 335,THTR,2,1
THTR 339,THTR 339,THTR,2,1
THTR 371,THTR 371,THTR,6,1
THTR 272,THTR 272,THTR,0,0
THTR 274,THTR 274,THTR,0,0
THTR 372,THTR 372,THTR,3,20
THTR 373,THTR 373,THTR,6,1
THTR 374,THTR 374,THTR,3,21
THTR 391,THTR 391,THTR,4,1
THTR 350,THTR 350,THTR,1,0
THTR 352,THTR 352,THTR,1,0
THTR 354,THTR 354,THTR,1,0
THTR 356,THTR 356,THTR,1,0
THTR 405,THTR 405,THTR,2,2
THTR 406,THTR 406,THTR,2,1
THTR 407,THTR 407,THTR,2,1
THTR 417,THTR 417,THTR,1,3
THTR 420,THTR 420,THTR,1,1
THTR 320,THTR 320,THTR,0,0
THTR 450,THTR 450,THTR,2,1
THTR 452,THTR 452,THTR,2,1
THTR 454,THTR 454,THTR,2,1
THTR 456,THTR 456,THTR,2,1
THTR 471,THTR 471,THTR,7,22
THTR 472,THTR 472,THTR,3,23
THTR 473,THTR 473,THTR,2,0
THTR 474,THTR 474,THTR,3,24
THTR 491,THTR 491,THTR,5,2
THTR 499,THTR 499,THTR,10,2
THTR 408,THTR 408,THTR,1,0
THTR 470,THTR 470,THTR,1,0
TIBT 101,TIBT 101,TIBT,1,1
TIBT 100,TIBT 100,TIBT,0,0
TIBT 300,TIBT 300,TIBT,2,1
TIBT 390,TIBT 390,TIBT,0,0
TIBT 301,TIBT 301,TIBT,1,2
UFOR 110,UFOR 110,UFOR,1,1
UFOR 100,UFOR 100,UFOR,0,0
UFOR 300,UFOR 300,UFOR,1,4
UFOR 401,UFOR 401,UFOR,2,5
UFOR 402,UFOR 402,UFOR,1,5
UFOR 403,UFOR 403,UFOR,2,3
UFOR 495,UFOR 495,UFOR,2,3
UKRN 225,UKRN 225,UKRN,1,1
UKRN 125,UKRN 125,UKRN,0,0
URST 451,URST 451,URST,5,1
URST 452,URST 452,URST,1,2
VANT 149,VANT 149,VANT,1,1
VANT 148,VANT 148,VANT,0,0
VANT 151,VANT 151,VANT,1,1
VANT 150,VANT 150,VANT,0,0
VISA 210,VISA 210,VISA,3,1
VISA 110,VISA 110,VISA,0,0
VISA 183,VISA 183,VISA,0,0
VISA 220,VISA 220,VISA,3,1
VISA 230,VISA 230,VISA,3,1
VISA 240,VISA 240,VISA,3,1
VISA 241,VISA 241,VISA,3,1
VISA 250,VISA 250,VISA,3,1
VISA 260,VISA 260,VISA,3,1
VISA 270,VISA 270,VISA,3,1
VISA 280,VISA 280,VISA,1,1
VISA 310,VISA 310,VISA,3,1
VISA 287,VISA 287,VISA,0,0
FINA 287,FINA 287,FINA,0,0
VISA 311,VISA 311,VISA,3,1
VISA 320,VISA 320,VISA,3,1
VISA 281,VISA 281,VISA,0,0
FINA 281,FINA 281,FINA,0,0
VISA 321,VISA 321,VISA,3,1
VISA 330,VISA 330,VISA,3,1
VISA 282,VISA 282,VISA,0,0
FINA 282,FINA 282,FINA,0,0
VISA 331,VISA 331,VISA,3,1
VISA 340,VISA 340,VISA,2,2
VISA 341,VISA 341,VISA,2,2
VISA 350,VISA 350,VISA,7,1
VISA 290,VISA 290,VISA,0,0
VISA 283,VISA 283,VISA,0,0
VISA 284,VISA 284,VISA,0,0
FINA 290,FINA 290,FINA,0,0
FINA 283,FINA 283,FINA,0,0
FINA 284,FINA 284,FINA,0,0
VISA 351,VISA 351,VISA,7,1
VISA 352,VISA 352,VISA,10,1
VISA 360,VISA 360,VISA,5,1
VISA 285,VISA 285,VISA,0,0
VISA 286,VISA 286,VISA,0,0
FINA 285,FINA 285,FINA,0,0
FINA 286,FINA 286,FINA,0,0
VISA 361,VISA 361,VISA,5,1
VISA 370,VISA 370,VISA,0,0
VISA 375,VISA 375,VISA,0,0
VISA 381,VISA 381,VISA,1,1
VISA 380,VISA 380,VISA,0,0
VISA 390,VISA 390,VISA,0,0
VISA 401,VISA 401,VISA,16,1
VISA 410,VISA 410,VISA,2,2
VISA 411,VISA 411,VISA,2,2
VISA 430,VISA 430,VISA,4,2
VISA 431,VISA 431,VISA,4,2
VISA 440,VISA 440,VISA,3,3
VISA 441,VISA 441,VISA,3,3
VISA 450,VISA 450,VISA,4,2
VISA 451,VISA 451,VISA,4,2
VISA 480,VISA 480,VISA,1,1
VISA 481,VISA 481,VISA,1,2
WOOD 225,WOOD 225,WOOD,0,0
WOOD 244,WOOD 244,WOOD,4,2
WOOD 245,WOOD 245,WOOD,1,3
WOOD 271,WOOD 271,WOOD,3,1
WOOD 280,WOOD 280,WOOD,0,0
WOOD 276,WOOD 276,WOOD,10,2
WOOD 282,WOOD 282,WOOD,1,1
WOOD 290,WOOD 290,WOOD,1,1
WOOD 120,WOOD 120,WOOD,0,0
WOOD 300,WOOD 300,WOOD,1,3
WOOD 305,WOOD 305,WOOD,1,2
WOOD 311,WOOD 311,WOOD,1,4
WOOD 312,WOOD 312,WOOD,1,5
WOOD 330,WOOD 330,WOOD,2,2
WOOD 335,WOOD 335,WOOD,1,2
WOOD 356,WOOD 356,WOOD,2,4
WOOD 373,WOOD 373,WOOD,2,1
WOOD 384,WOOD 384,WOOD,1,2
WOOD 411,WOOD 411,WOOD,1,6
WOOD 412,WOOD 412,WOOD,1,7
WOOD 430,WOOD 430,WOOD,3,4
WOOD 485,WOOD 485,WOOD,2,3
WOOD 440,WOOD 440,WOOD,1,3
WOOD 464,WOOD 464,WOOD,3,3
WOOD 476,WOOD 476,WOOD,2,3
WOOD 482,WOOD 482,WOOD,2,2
WOOD 292,WOOD 292,WOOD,0,0
WOOD 487,WOOD 487,WOOD,1,2
WOOD 488,WOOD 488,WOOD,3,4
WOOD 489,WOOD 489,WOOD,1,5
WOOD 491,WOOD 491,WOOD,3,5
WOOD 499,WOOD 499,WOOD,3,4
WOOD 492,WOOD 492,WOOD,2,1
WOOD 494,WOOD 494,WOOD,1,5
WOOD 365,WOOD 365,WOOD,0,0
WRDS 250,WRDS 250,WRDS,4,1
WRDS 360,WRDS 360,WRDS,4,1